upc,name,department,vendor,cost,price,margin_pct
09418703018,1157A Bulbs,Auto Parts,,0,1.79,100
07922302310,2 Gallon Gas Can,Auto Parts,,12.4,24.79,50
03414602607,50/50,Auto Parts,,7.44,9.99,25.5
07162164835,5W-30 Mag Oil,Auto Parts,,5.66,6.28,9.9
07617132012,AIR FRESH. TREE 3PK STRA,Auto Parts,,0,3.99,100
08089301083,ATM Mini Fuses,Auto Parts,,0,3.69,100
08089301077,Blade Fuses,Auto Parts,,0,2.19,100
07617132055,CAR FRESHNER BLK IC,Auto Parts,,0,3.89,100
07617132089,CARFRSH NEW CAR SCN,Auto Parts,,1.99,3.89,48.8
04133366388,DURACELL LITHIUM DIOXIDE,Auto Parts,,0,4.69,100
07390528201,Heet Gasline Antifreeze 12 oz,Auto Parts,,0,2.09,100
03400031896,KITKAT CHOC DONUT KING,Auto Parts,,0,2.79,100
08089301031,L.A.S. BATTERY TERMINAL,Auto Parts,,0,2.59,100
08089301228,L.A.S. HOSE ASST. CLAMPS,Auto Parts,,0,4.69,100
08089301038,L.A.S.038 TAPE ELECTRICA,Auto Parts,,0,3.09,100
07617110101,Little Trees Air Freshener Royal Pine,Auto Parts,,0,1.19,100
07162160179,MAG 1 2-CYCLE 50:1 2.6/O,Auto Parts,,1.01,1.69,40.2
84053012807,PRIME 50/50 ANTIFREEZEE,Auto Parts,,0,14.99,100
84053012803,PRIMEGUARD ANTIFREEZE GR,Auto Parts,,7.62,11.79,35.4
03414600003,PRO FORCE 2 CYCLE,Auto Parts,,0,3.89,100
03414601302,PRO FORCE ATF,Auto Parts,,0,4.89,100
03414600020,PRO FORCE Fuel injector,Auto Parts,,0,4.29,100
03414600012,PRO FORCE GAS TREATMENT,Auto Parts,,3.11,3.89,20.1
07161193653,Pennzoil 10W-40 Oil 1 qt,Auto Parts,,0,7.49,100
07161193619,Pennzoil SAE 10W-30 Oil 1 qt,Auto Parts,,6.11,9.49,35.6
07161193609,Pennzoil SAE 5W-30,Auto Parts,,6.11,7.49,18.4
07390522264,STA-BIL 360,Auto Parts,,0,9.99,100
07115378380,STP Diesel Fuel Treatment 1.25 pt,Auto Parts,,0,6.29,100
07115378571,STP Fuel Inj/Carb 5.25 oz,Auto Parts,,0,3.79,100
07115300204,STP Power Steering Fluid 12 oz,Auto Parts,,0,3.39,100
07115378574,STP octane booster 5.25floz,Auto Parts,,0,7.89,100
01881200001,Sea Foam,Auto Parts,,0,14.29,100
07906200898,Small Ice Scraper,Auto Parts,,0,1.59,100
08089301219,Tire Gauge,Auto Parts,,0,3.39,100
08089301035,Tire Repair Kit,Auto Parts,,0,5.69,100
07956749002,WD 40,Auto Parts,,0,11.19,100
03170005591,WHITE OWL MINI WG 3/1.29,Auto Parts,,1.17,1.29,9.3
03170005787,WHITE OWL WP 2/1.19,Auto Parts,,1.13,1.19,5
84053013222,Wwinshield Wiper FLUID,Auto Parts,,3.34,7.49,55.4
07800005440,aandw cream soda,Auto Parts,,0,1.39,100
07194801075,carb choke,Auto Parts,,0,7.99,100
07162167513,fix flat,Auto Parts,,0,12.89,100
07162162943,mag 1 5w-20,Auto Parts,,5.44,5.69,4.4
81997901265,njoy,Auto Parts,,0,6.99,100
07162164099,oil,Auto Parts,,0,6.19,100
04900007933,power ade o9range,Auto Parts,,0,1.89,100
03414600010,pro force brake fluid,Auto Parts,,2.3,3.09,25.6
04608701194,radiator stop leak,Auto Parts,,0,3.59,100
03414600046,starter fluid,Auto Parts,,0,6.09,100
63598580207,1- white claw surge blood orange 12/1/19.2cn,Beer,,0,2.79,100
01820020133,12 PK NAT,Beer,,0,8.89,100
03410057653,12PK MILLER 16OZ CANS,Beer,,0,10.25,100
81153801013,1800 SILVER TEQ 750ML,Beer,,0,29.99,100
73692011182,312Urban Wheat 6pack 12oz bottles,Beer,,0,10.99,100
84980600472,4 loco,Beer,,0,2.79,100
63598522413,6pk mike strw,Beer,,0,8.99,100
08800402408,"99Proof,Straw",Beer,,0,0.99,100
85146400308,ANTI HERO,Beer,,0,9.99,100
85443600870,Alc-a-Chino Mocha,Beer,,0,3.09,100
85443600871,Alc-a-Chino salted caramel,Beer,,0,3.09,100
08769200083,Angry Orchard 12 PK,Beer,,0,9.79,100
08769282102,Angry Orchard 6pk,Beer,,0,9.99,100
08500003959,BEACH JUICE MANGO PEACH,Beer,,0,3.99,100
08500003960,BEACH JUICE PINEAPPLE PASSION,Beer,,0,3.99,100
63598526089,BLACK CHERRY WHITECLAW 12PK,Beer,,0,14.99,100
85979900778,BRICK 4PK PEACH,Beer,,0,8.99,100
01820020240,BUD LIGHT LEMON TEA 6/12,Beer,,0,14.99,100
79603011496,Big Wave Golden Ale,Beer,,0,7.99,100
07199009516,Blue Moon 12pk BTL,Beer,,0,17.99,100
07199009511,Blue Moon 6pack 12oz bottles,Beer,,0,7.99,100
07199017053,Bluemoon,Beer,,0,7.99,100
01820025006,Bud Ice 25oz,Beer,,0,1.79,100
01820000769,Bud Light 12pack 12oz bottles,Beer,,0,12.39,100
01820053047,Bud Light 12pack 12oz cans,Beer,,0,12.39,100
01820020998,Bud Light 16oz Aluminum Bttle 8pk,Beer,,0,10.99,100
01820053218,Bud Light 18pack 12oz cans,Beer,,0,16.59,100
01820053168,Bud Light 24pk Can,Beer,,0,21.79,100
01820025001,Bud Light 25 oz Can,Beer,,0,2.69,100
01820000833,Bud Light 6pack 12oz,Beer,,0,7.99,100
01820000106,Bud Light 6pack 12oz cans,Beer,,0,7.99,100
01820014991,Bud Light Lime 6pack 12oz bottles,Beer,,0,8.99,100
01820025505,Bud Light Strawber Rita 25 oz,Beer,,0,2.99,100
01820020327,"BudLightNext,12-12OZ",Beer,,0,15.49,100
01820025000,Budweiser 25 oz,Beer,,0,2.69,100
01820000834,Budweiser 6 pk bottes 12 oz,Beer,,0,7.99,100
01820000016,Budweiser 6 pk cans 12 oz,Beer,,0,7.99,100
01820007986,Budweiser Select bottles 12/12 oz,Beer,,0,11.99,100
01820000771,Budweiser bottles 12/12 oz,Beer,,0,11.99,100
01820011047,Budweiser cans 12/12 oz,Beer,,0,12.39,100
01820011218,Budweiser cans 18/12 oz,Beer,,0,16.99,100
01820025003,Busch 25oz. Can,Beer,,0,1.99,100
01820000803,Busch Light 6pk bottles 12 oz,Beer,,0,6.49,100
01820028753,Busch Light Apple 30pk,Beer,,0,26.99,100
01820000801,Busch Light cans 12/12 oz,Beer,,0,10.39,100
01820086031,Busch Light cans 30/12 oz,Beer,,0,21.39,100
01820086418,"Busch Light,18PK",Beer,,0,16.59,100
01820025004,Busch Lught 25oz,Beer,,0,1.99,100
01820000614,Busch NA 12pk Can,Beer,,0,8.99,100
01820000188,Busch can 6 pk 12 oz,Beer,,0,7.39,100
01820061047,Busch cans 12/12 oz,Beer,,0,9.99,100
01820061030,Busch cans 30/12 oz,Beer,,0,20.99,100
81582901111,CAYMAN JACK 12PK CANS,Beer,,0,14.99,100
81582901006,CAYMAN JACK 6PK,Beer,,0,9.99,100
81582901153,CAYMAN JACK VARIETY 12PK,Beer,,0,16.99,100
07199010020,COORS,Beer,,0,14.29,100
03354495041,CORONA PREMIER,Beer,,0,8.89,100
81675102378,CUTWATER LEMON DROP MARTINI SINGLE CANS,Beer,,0,3.29,100
81582901085,Cayman Jack Margarita 19.2 oz Single,Beer,,0,2.29,100
63598500046,Cayman Jack Margaritas,Beer,,0,2.29,100
07199000048,Coors  Light cans 12/12 oz,Beer,,0,12.29,100
07199030017,Coors Light 18pk Cans,Beer,,0,15.99,100
07199030065,Coors Light 24oz can,Beer,,0,1.89,100
07199031600,Coors Light 24pk Cans,Beer,,0,21.99,100
07199030005,Coors Light 6 pk bottles 12 oz,Beer,,0,6.79,100
07199030104,Coors Light 9pk Alumin. btl.,Beer,,0,12.99,100
07199030069,Coors Light Bottles 12 pk,Beer,,0,9.99,100
07199017028,Coors Old Skool,Beer,,0,6.79,100
08066095615,Corona 12pack 12oz bottles,Beer,,0,14.99,100
08066095605,Corona Extra 6pack 12oz bottles,Beer,,0,8.89,100
08066095625,Corona Light 6pack 12oz bottles,Beer,,0,8.89,100
03354495044,Corona Premier 12pk,Beer,,0,14.99,100
08200079863,Crown Whisky Lemonade,Beer,,0,3.49,100
81675102121,Cutwater lime margarita,Beer,,0,3.29,100
63848900726,DOGFISH STRAWBERRY LIME 4PK,Beer,,0,9.99,100
63598580316,Dillons 8pk,Beer,,0,14.99,100
07231163012,Dos Equis 6Pk,Beer,,0,8.49,100
81790400083,Elysian IPA 6pk,Beer,,0,11.49,100
84980600545,Four loco 24oz jungle juice,Beer,,0,1.69,100
03354400238,Generic Item-No description,Beer,,0,8.89,100
85004180416,Good Boy John Daly 8pk Variety,Beer,,0,19.99,100
73692011132,Goose Island IPA,Beer,,0,9.99,100
85058800821,HAND OF FATE,Beer,,0,11.99,100
08378311010,HAZY IPA,Beer,,0,8.99,100
08378337550,HAZY IPA TALL CAN,Beer,,0,2.99,100
61300876879,Hard Tea,Beer,,0,2.79,100
08857312002,Haunted treehouse 12 pk,Beer,,0,15.49,100
85146400346,Hazy Hero,Beer,,0,9.99,100
07289000083,Heineken 16oz,Beer,,0,5.99,100
07289000011,Heineken 6 pack 12oz bottles,Beer,,0,9.99,100
07289000621,Heiniken Zero 6pk bottle,Beer,,0,8.99,100
03410000880,ICEHOUSE 24oz,Beer,,0,1.29,100
03410062602,Icehouse cans 12/12 oz,Beer,,0,7.79,100
08218422601,Jack Coolers,Beer,,0,6.99,100
84024560041,Jack Daniels punch 24oz Single,Beer,,0,2.99,100
07199048024,Keystone 24oz can,Beer,,0,1.69,100
07199048045,Keystone Can 15/12 oz,Beer,,0,9.29,100
07199048019,Keystone Light cans 30/12 oz,Beer,,0,17.99,100
03410051605,Leinenkugels Summer Shandy,Beer,,0,849,100
08800408280,Lovebug cream soda hard 8pk,Beer,,13,15.99,18.7
03410007344,M Best LT 15pk 12OZ,Beer,,0,8.59,100
63598510036,MDX strawberry daiquiri,Beer,,0,1.99,100
03410015509,MILLER 64 12 PK,Beer,,0,9.99,100
03410030344,MILWAUKEES BEST,Beer,,0,8.59,100
08066095721,MODELO,Beer,,0,3.19,100
08066095715,MODELO 12PK CAN,Beer,,0,14.79,100
89127800354,MONACO VDK CKTL WTRMLN CRUSH CAN,Beer,,0,11.99,100
81011713132,MONS-Beast Perfect Tiki Terror,Beer,,0,2.99,100
63598526068,MXD LIIT,Beer,,0,1.99,100
63598526070,MXD MARGARITA,Beer,,0,1.99,100
01820006991,Michelob 12PK,Beer,,0,14.99,100
01820005990,Michelob Ultra 12pack 12oz bottles,Beer,,0,14.49,100
01820025010,Michelob Ultra 25 oz,Beer,,0,1.89,100
01820005989,Michelob Ultra 6pack 12oz bottles,Beer,,0,8.49,100
01820096715,Micholob Ultra 24/12,Beer,,0,24.99,100
63598525875,Mike Harder Lemonade 16oz can,Beer,,0,1.99,100
63598506744,Mikes Black Cherry Lemonade,Beer,,0,8.99,100
63598510062,Mikes Hard Lemonade 6pack 11.2oz,Beer,,0,8.99,100
63598513217,Mikes Hard Pineapple Punch 23.5floz,Beer,,0,2.99,100
63598580309,Mikes Harder 24oz,Beer,,0,2.99,100
63598513219,Mikes Harder Straw/Lemonade,Beer,,0,1.99,100
63598500063,Mikes Pink lemonade 24oz,Beer,,0,2.99,100
63598526001,Mikes V Pack,Beer,,0,14.99,100
63598501012,MikesHarder BlackCherry Lemonade 160z ca,Beer,,0,1.99,100
03410015340,Miller 64 cans 18pk,Beer,,0,14.89,100
03410015505,Miller Genuine Draft Light 64  6pk btl,Beer,,0,6.79,100
03410001509,Miller Highlife bottles 12/12 oz,Beer,,0,8.29,100
03410001636,Miller Highlife cans 12/12 oz,Beer,,0,11.29,100
03410000355,Miller Lite 24oz can,Beer,,0,2.39,100
03410057505,Miller Lite 6 pk bottles 12 oz,Beer,,0,6.79,100
03410000354,Miller Lite 6 pk cans 12 oz,Beer,,0,6.29,100
03410057023,Miller Lite 9 Pack Bottle,Beer,,0,12.99,100
03410057306,Miller Lite Cans 24/12 oz,Beer,,0,19.99,100
03410057509,Miller Lite bottles 12/12 0z,Beer,,0,11.29,100
03410057636,Miller Lite cans 12/12 oz,Beer,,0,11.29,100
03410057340,Miller Lite cans 18/12 oz,Beer,,0,14.99,100
08066095765,Modelo 6pk,Beer,,0,8.99,100
86000847346,Mom Water,Beer,,0,11.99,100
86000532394,Mom Water,Beer,,0,11.99,100
86000532396,Mom Water,Beer,,0,11.99,100
86000847339,Mom Water,Beer,,0,11.99,100
86000847340,Mom Water,Beer,,0,11.99,100
89127800231,Monaco Citrus Rush 4 pk,Beer,,0,11.99,100
85002419217,NOC BOOZY ICED TEA TOO TURNT DADDY,Beer,,0,3.99,100
01820028443,Natural Ice 15pk,Beer,,0,9.49,100
01820020077,Natural Light 15PK,Beer,,0,8.99,100
01820025002,Natural Light 25FL OZ,Beer,,0,2.29,100
01820000031,Natural Light 6 pk  12 oz cans,Beer,,0,6.49,100
01820015030,Natural Light cans 30/12 oz,Beer,,0,15.99,100
85002419225,Noc Pink lemon,Beer,,0,3.99,100
01820020430,Nutrl 4 pk,Beer,,0,10.99,100
01820020469,Nutrl Blueberry 6/4 C,Beer,,0,9.99,100
01820020352,Nutrl Seltzer,Beer,,0,11.99,100
05230000540,Old Milwaukee Light cans 12/12 oz,Beer,,0,8.39,100
84980600643,Overtime Watermelon Smash,Beer,,0,1.99,100
02210000170,Pabst Blue Ribbon 12 pk Can,Beer,,0,8.99,100
08769285231,RASPBERRY TWISTED,Beer,,0,2.99,100
85146400342,REVOLUTION FIST CITY,Beer,,0,9.99,100
03410000323,Redds Wicked Apple 24 OZ,Beer,,0,2.99,100
03410008716,Reds Apple Ale,Beer,,0,7.99,100
89643100224,Reigeh,Beer,,0,8.99,100
08200078250,SI HURRI PNCH 24/11.2 NR 4/6,Beer,,0,8.99,100
81007878020,SIMPLY SPIKED VAR LMN 12PK,Beer,,0,18.99,100
08200072751,SMIRNOFF APPLE,Beer,,0,9.99,100
08200075748,SMIRNOFF ICE SCREWDRIVER 6PK,Beer,,0,8.99,100
08200078631,SMIRNOFF ICE SMASH,Beer,,0,1.99,100
08200079902,SMIRNOFF ICE SMASH,Beer,,0,1.99,100
08200080911,SMIRNOFF ORANGE CRM 6PK,Beer,,0,9.99,100
07272006453,STAG 24OZ,Beer,,0,2.79,100
85005007112,SURFSIDE LEMONADE 24oz,Beer,,0,3.99,100
08105459451,SWEET RED,Beer,,0,6.99,100
08769230050,Sam Adams 6 Pack Bottle,Beer,,0,10.99,100
08769210012,Sam Adams 6pk 12oz,Beer,,0,9.99,100
08787213042,San Antonio,Beer,,0,7.99,100
08857380002,Shiner Christmas 6PK,Beer,,0,8.49,100
08378337521,Sierra Nevada PALE ALE 6 PK.,Beer,,0,8.79,100
01820020458,SkimmerS MIX PACK,Beer,,0,17.99,100
08200072754,Smirnoff Ice Rasp Burst 6pack 11.2oz,Beer,,0,8.99,100
08200076983,Smirnoff Ice Smash 16oz,Beer,,0,1.99,100
08200079110,Smirnoff Red Wht Blu,Beer,,0,14.99,100
07272006133,Stag Bottles 12/ 12 oz,Beer,,0,8.89,100
07272006434,Stag cans 12/12 oz,Beer,,0,8.89,100
07825000328,Steel Reserve 24oz,Beer,,0,1.69,100
07825000464,Steel Reserve 4Pk,Beer,,0,3.29,100
78615000001,Stella Artois 6pack 11.5 oz bottles,Beer,,0,9.99,100
85005007105,Surfside  Blueberry lem vodka,Beer,,0,7.99,100
85005007110,Surfside Iced Tea 24oz,Beer,,0,3.99,100
08769202400,Surfside sun cruiser 24oz,Beer,,0,3.89,100
85005007108,"Surfside,8can12OZ",Beer,,0,19.99,100
08769200991,TRULY LEMONADE MIX,Beer,,0,13.99,100
08769200686,TRULY MIX 12PK,Beer,,0,14.99,100
08769201168,TRULY TALL CAN,Beer,,0,2.99,100
08769201904,TRULY UNRULY 12 CN,Beer,,0,18.99,100
08769200490,TWISTED MANGO,Beer,,0,2.89,100
08769200378,TWISTED PARTY PACK,Beer,,0,14.99,100
08769201088,TWISTED TEA 12PK PEACH,Beer,,0,17.99,100
81011713026,"TheBeast,MeanGreen",Beer,,0,2.39,100
86514700014,Triptych dank meme 4pk,Beer,,0,10.99,100
08769202199,Truly Lemonade,Beer,,0,14.99,100
08769201252,Truly Punch,Beer,,0,2.99,100
08769283231,Twisted Hard Ice Tea 24oz can,Beer,,0,2.99,100
08769201614,Twisted Pineapple,Beer,,0,2.89,100
08769283134,Twisted Tea 12pk Cans,Beer,,0,14.99,100
08769201782,Twisted Tea Blue Razz Extreme,Beer,,0,3.99,100
08769201075,Twisted Tea Cherry 24oz can,Beer,,0,3.49,100
08769202373,Twisted Tea Extreme Long Island 16oz,Beer,,0,1.99,100
08769275231,Twisted Tea HalfandHalf Lemon 24oz,Beer,,0,2.99,100
08769202319,Twisted light 12oz,Beer,,0,1.99,100
08500044189,WATERBIRD cherry ice 4pk,Beer,,8,9.99,19.9
63598580366,WHITE CLAW PEACH,Beer,,0,2.79,100
86000564957,Warerbird grape 4pk,Beer,,8,9.99,19.9
08105459435,White Brooks,Beer,,0,6.99,100
63598580369,White Claw,Beer,,0,2.79,100
63598554890,White Claw 12pk,Beer,,0,14.99,100
63598520025,White Claw HardSeltzer,Beer,,0,7.99,100
63598580213,White Claw Mango,Beer,,0,2.79,100
63598580205,White Claw Watermelon 19 oz,Beer,,0,2.79,100
63598580451,White claw cosmo,Beer,,0,2.79,100
63598580443,White claw tails variety 12/12,Beer,,0,21.99,100
08992423050,YNGLNG LT 12PK CN,Beer,,0,14.99,100
08992427896,YUENGLING  12pk btl,Beer,,0,14.99,100
08992427898,YUENGLING LAGER 12PK 12OZ CAN,Beer,,0,14.99,100
08992460024,Yuengling 24 oz,Beer,,0,2.99,100
08992477022,Yuengling 24 oz,Beer,,0,2.99,100
08992477013,Yuengling Flight 12pack Bolt,Beer,,0,14.99,100
08992477025,Yuengling flight 12pk can,Beer,,0,14.99,100
01820016981,bud select55,Beer,,0,11.99,100
01820011168,budwiser,Beer,,0,18.79,100
01820000426,busch 16 oz 6 pack,Beer,,0,6.99,100
01820029300,busch lime 30pk,Beer,,0,21.39,100
86000198882,carbliss,Beer,,0,9.99,100
81675102379,cut water lemon 4pk,Beer,,0,12.99,100
81582901189,cyman red,Beer,,0,9.99,100
08769275134,half and half twisted,Beer,,0,14.99,100
85058800822,hand to fate,Beer,,0,11.99,100
08378367562,house ipa,Beer,,0,10.99,100
84024560029,jack daniels beer,Beer,,0,14.99,100
07199048008,keystone 6pk,Beer,,0,4.59,100
01820001991,mechelob amber bock,Beer,,0,14.99,100
01820096721,micg ultra 18pk can,Beer,,0,19.99,100
03410077435,mickeys,Beer,,0,8.49,100
81011713018,monster beast,Beer,,0,17.99,100
01820020339,nutrl,Beer,,0,11.99,100
08200072385,off ice,Beer,,0,8.49,100
08200079641,off zero,Beer,,0,14.99,100
08378353578,purple hazy,Beer,,0,8.99,100
03410008722,reds apple 12pk,Beer,,0,14.99,100
08857333101,shiner bock,Beer,,0,8.49,100
63598580215,single white claw 16oz,Beer,,0,2.79,100
08200079520,smirnoff can,Beer,,0,1.99,100
08769201227,truly punch,Beer,,0,14.99,100
08769201783,twisted extra lemon,Beer,,0,2.99,100
63598580026,white claw,Beer,,0,14.99,100
63598580198,white claw black cherry,Beer,,0,2.79,100
63598580214,white claw grape fruit,Beer,,0,2.79,100
63598580006,white claw variety 12pk,Beer,,0,14.99,100
40000810046,BREAD CHEESE-GARLIC 4.42,Bulk Foods,,1.41,1.41,0
05000011475,COFFEE MATE CREAMER ORIG,Bulk Foods,,19.77,19.77,0
40000989058,FUEL SURCHARGE,Bulk Foods,,0,19,100
40000988111,NON TOBACCO,Bulk Foods,,334.84,334.84,0
40000807062,PAPA PRIMOS BREAKFAST L,Bulk Foods,,0,13.59,100
79583587318,PAPA PRIMOS SAUS/PEPP.,Bulk Foods,,12.49,12.99,3.8
40000820060,RON CAPPUC FRENCH VANILL,Bulk Foods,,11.38,11.38,0
40000820231,RON CAPPUC XTREME MOCHA,Bulk Foods,,12.93,12.93,0
04051501002,RONNOCO 2/OZ COFFEE,Bulk Foods,,2.26,2.26,0
40000820247,RONNOCO DART CUP 24/OZ 2,Bulk Foods,,0.24,0.25,4
66045801691,SQUEEGEE P/E W/20IN BLK,Bulk Foods,,2.9,2.9,0
40000855381,STRAWS GIANT CLR 10.25IN,Bulk Foods,,0.01,0.01,0
40000802765,TORNADO BAC/EGG/CHSE 3/O,Bulk Foods,,0.96,0.01,-9500
40000802764,TORNADO BEEF RANCHERO 3/,Bulk Foods,,0.96,0.96,0
40000805011,TORNADO OMELET SUPREME 3,Bulk Foods,,0.96,0.96,0
40000805033,TORNADO PEPPERONIandCHSE 3,Bulk Foods,,0.96,0.01,-9500
40000802761,TORNADO SAUS/EGG/CHSE 3/,Bulk Foods,,0.96,0.01,-9500
09990069423,100 GRAND,Candy,,0,1.79,100
04000000603,3 Musketeers KS,Candy,,2.01,3.29,38.9
02200007603,5 Gum Mint Maze,Candy,,0,2.39,100
03400000155,5th avenue,Candy,,0,1.79,100
07339001061,Air Heads,Candy,,1.46,2.89,49.5
07339001436,Airhead Bites,Candy,,0,1.79,100
07339000838,Airheads Xtremes Rainbow Berry 2oz,Candy,,1.03,2.29,55
03400000320,Almond Joy 1.61 oz,Candy,,0,1.78,100
03400000522,Almond Joy King 3.22 oz,Candy,,0,2.79,100
02200000769,Altoids Arctic Peppermint,Candy,,0,3.19,100
02200000768,Altoids Arctic WIntergreen,Candy,,0,3.19,100
02200015933,Altoids Peppermint 1.76 oz,Candy,,2.39,4.39,45.6
02200000974,Altoids Small Wintergreen,Candy,,0,2.79,100
02200015934,Altoids Wintergreen 1.76 oz,Candy,,2.39,4.39,45.6
03400024522,BIG KITKAT,Candy,,2.14,2.79,23.3
04142008084,BLACK FOREST GB,Candy,,0,3.39,100
04289766000,Big League Chew Bubble Gum 2.12oz,Candy,,1.16,1.79,35.2
01420000256,Blow pop,Candy,,0,0.89,100
03400000764,Breath Savers Peppermint  Mints,Candy,,0,0.99,100
03400000767,Breath Savers Wintergreen Mints,Candy,,0.88,0.99,11.1
03400000337,BreathSavers Spearmint Mint,Candy,,2.17,2.09,-3.8
03400000771,Breathsavers Spearmint Mints,Candy,,0,0.99,100
03400000719,Bubble Yum Original Gum,Candy,,0,1.79,100
01254691758,Bubblicious Watermelon Gum,Candy,,0,1.19,100
09990000147,Butterfinger King,Candy,,0,2.79,100
04139600097,CANDY CIGS CLASSIC BRAND,Candy,,0.22,0.49,55.1
07920069500,CHERRY LAFFY TAFFY,Candy,,0.33,0.69,52.2
04000064374,CI HA-TWIX SKULLS SHARE,Candy,,1.97,3.39,41.9
03400019640,COOKIES AND CREAM,Candy,,0,2.79,100
04262501286,Candy Shoppe,Candy,,0,1.89,100
04262501261,Candy Shoppe,Candy,,0,1.89,100
04262501264,Candy Shoppe,Candy,,0,1.89,100
04262501265,Candy Shoppe,Candy,,0,1.89,100
04262501266,Candy Shoppe,Candy,,0,1.89,100
04262501267,Candy Shoppe,Candy,,0,1.89,100
04262501185,Candy Shoppe,Candy,,0,1.89,100
04262501268,Candy Shoppe,Candy,,0,1.89,100
04262501269,Candy Shoppe,Candy,,0,1.89,100
04262501274,Candy Shoppe,Candy,,0,1.89,100
04262501280,Candy Shoppe,Candy,,0,1.89,100
04262501282,Candy Shoppe,Candy,,0,1.89,100
04262501277,Candy Shoppe,Candy,,0,1.89,100
04262501276,Candy Shoppe,Candy,,0,1.89,100
04262501262,Candy Shoppe,Candy,,0,1.89,100
04262501260,Candy Shoppe,Candy,,0,1.89,100
04262501278,Candy Shoppe,Candy,,0,1.89,100
04262501281,Candy Shoppe,Candy,,0,1.89,100
03400000340,Caramello 1.6 oz,Candy,,0,1.79,100
03400000524,Caramello king 2.7 oz,Candy,,2.14,2.79,23.3
07172053110,Charleston Chew Chocolate,Candy,,0,1.79,100
07172053120,Charleston Chew Strawberry,Candy,,0,1.79,100
07172053130,Charleston Chew Vanilla,Candy,,0,1.79,100
01420000069,Charms Blow Pops,Candy,,0.16,0.29,44.8
07339005502,Dentyne Fire,Candy,,0,1.89,100
07339005549,Dentyne Ice,Candy,,0,1.89,100
01254600546,Dentyne Ice Winter Chill,Candy,,0,1.79,100
07339005505,Dentyne winter chill,Candy,,1.13,1.79,36.9
07172087000,Dots Theater PK,Candy,,1.12,1.59,29.6
04000045984,Dove Milk Chocolate,Candy,,0,1.79,100
8696150701298,Dubai chocolate,Candy,,0,6.99,100
03400000665,Duo Ice Breakers Strawberry,Candy,,2.17,3.99,45.6
04262501322,EAGLE PREM STARLIGHT MIN,Candy,,0.71,1.69,58
04262501325,EAGLE PREM WTRMLN WEDGES,Candy,,0.71,1.69,58
02200002036,EXTRA LONG LASTING PEPPERMINT,Candy,,2.97,5.29,43.9
02200028235,EXTRA REFRESHER MIXED FR,Candy,,0,5.29,100
02200030323,EXTRA SOUR STRAWBERRY SL,Candy,,1.19,2.19,45.7
02200001331,Eclipse Spearmint 50%,Candy,,0,1.89,100
02200001320,Eclipse Winterfrost gum,Candy,,0,1.89,100
02200000845,Extra Classic Bubble Gum,Candy,,1.19,2.19,45.7
02200000838,Extra Fruit Sensations Swt Wtrmelon Gum,Candy,,1.19,2.19,45.7
02200001787,Extra POLAR ICE 35pack,Candy,,0,5.49,100
02200000891,Extra Peppermint Gum,Candy,,0,2.19,100
02200002197,Extra Polar Ice 40pieces,Candy,,0,5.29,100
02200000898,Extra Polar Ice Gum,Candy,,1.19,2.19,45.7
02200001413,Extra Smooth Mint,Candy,,1.19,2.19,45.7
02200000840,Extra Winterfresh Gum,Candy,,0,2.19,100
79321611030,FACE  sour TWISTER DOUGH,Candy,,0,2.09,100
01600019613,FRUIT BY THE FOOT PGABLE,Candy,,0,3.19,100
04223872623,GUMMY BEARS BAG,Candy,,0,2.49,100
01070008813,Goodand Plenty Thtr,Candy,,0,1.79,100
02200028690,HA-SKITTLES SHRICKERS SH,Candy,,1.97,3.99,50.6
04000060155,HA-SNICKERS PUMPKINS SHA,Candy,,1.97,3.99,50.6
03400048036,HALLOWEEN REESE WHITE,Candy,,0,2.09,100
01070006065,HEATH-KING SIZE ENGLISH TOFFEE BAR,Candy,,2.14,2.79,23.3
07097047531,HOTTAMALES,Candy,,1.16,1.99,41.7
04223831221,Haribo Bag Candy,Candy,,1.31,2.19,40.2
04223830221,Haribo Bag Candy,Candy,,1.31,2.19,40.2
04223837755,Haribo Bag Candy,Candy,,0,2.19,100
01070006080,Heath 1.4 oz,Candy,,0,1.79,100
03400000240,Hersheys 1.55 oz,Candy,,1.22,1.79,31.8
03400000221,Hersheys Almond King 2.6 oz,Candy,,0,2.79,100
03400000241,Hersheys Almonds 1.45 oz,Candy,,0,1.79,100
03400000239,Hersheys CookiesnCreme 1.55 oz,Candy,,0,1.79,100
03400000220,Hersheys King 2.6 oz,Candy,,2.14,2.79,23.3
03400000370,Hersheys Skor 1.4 oz,Candy,,0,1.79,100
03400000245,Hersheys Special Dark 1.45 oz,Candy,,0,1.79,100
02211007980,Hubba Bubba Bubble Gum 2 oz,Candy,,1.18,2.09,43.5
02200000067,Hubba Bubba Strw mln,Candy,,0,2.09,100
03400000545,ICE BREAKERS ICE CUBES,Candy,,0,5.89,100
03400000811,ICE CUBES CINNAMON,Candy,,0,5.79,100
03400000211,Ice Breaker Duo Watermelon,Candy,,0,3.29,100
03400000847,Ice Breaker SPEARMINT Gum Bottles,Candy,,3.44,5.89,41.6
03400000009,Ice Breakers Wintergreen Mints 1.5 oz,Candy,,2.17,3.99,45.6
01070055710,JR GUMMY SOURS,Candy,,2.26,3.09,26.9
04111623219,JU DRP GUMMY STIX,Candy,,1.77,3.29,46.2
07172053944,JUNIOR MINTS THEATER PK,Candy,,0,1.59,100
01070051952,Jolly Rancher Fruit Chews 2.06oz,Candy,,0,1.39,100
01070070230,Jolly Rancher Original Flavors 7 oz,Candy,,0,2.79,100
04111600582,Juicy Drop Taffy,Candy,,1.77,3.59,50.7
02200001585,Juicy Fruit Bubble Gum Orgnl,Candy,,0.64,1.79,64.2
00980055404,KINDER BUENO CC CHOC BAR,Candy,,1.96,3.29,40.4
03400022808,KIT KAT KS VANILLA,Candy,,0,2.99,100
03400000246,Kit Kat 1.5 oz,Candy,,0,1.79,100
03400000229,Kit Kat King 3 oz,Candy,,2.14,2.79,23.3
07920072293,LAFFY TAFFY,Candy,,0.33,0.69,52.2
68646452800,LASER POP PROJECTOR CANDY,Candy,,1.06,1.99,46.7
02200001464,LIFESAVER Gummies 5 Flavor,Candy,,0,2.79,100
07920014436,Laffy Taffy Grape 1.5oz,Candy,,0,1.79,100
07920014936,Laffy Taffy Strawberry 1.5oz,Candy,,1.08,1.79,39.7
07920061557,LaffyTaffy Grape,Candy,,0,0.69,100
85002619612,Level 1 Choc PB,Candy,,0,3.39,100
01900008501,Life Saver Hard Candy,Candy,,0,2.69,100
02200012030,Life Savers Gummies Collisions,Candy,,1.9,3.19,40.4
02200000436,Life Savers wintogreen,Candy,,0,0.79,100
01900008344,Lifesaver Wild Berries,Candy,,0,2.79,100
02200000434,Lifesavers 5 Flavors Candy 1.14 oz,Candy,,0,1.09,100
01900008342,Lifesavers Gummies 5 flavors 7 oz,Candy,,0,3.19,100
01900008504,Lifesavers Mints Wint O Green 6.25 oz,Candy,,2.13,2.59,17.8
02200001923,Ls gummi nemons,Candy,,1.9,3.19,40.4
07279905563,MAMBA,Candy,,0,1.79,100
07279905566,MAMBO SOUR,Candy,,0,1.79,100
07339000303,MENTOS DISCOVERTY 14FLVR,Candy,,0,1.19,100
07339011404,MENTOS GUM PURE FRESH MI,Candy,,0,6.39,100
07339001405,MENTOS GUM PURE FRESH SP,Candy,,3.49,5.99,41.7
07339001404,MENTOS PURE FRESH,Candy,,0,6.39,100
07097047536,MIKE and IKE MEGAMIX SOUR,Candy,,0,1.69,100
07920087969,MYSTER LAFFY TAFFY,Candy,,0.33,0.69,52.2
04000047652,Mand M Minis,Candy,,2.01,2.79,28
04000000144,Mand M Peanut Butter,Candy,,1.17,1.79,34.6
04000001744,Mand M Peanut Butter 5.10 oz,Candy,,0,3.89,100
04000001731,Mand Ms 5.3 oz,Candy,,0,3.89,100
04000000432,Mand Ms Peanut 3.27 oz,Candy,,2.01,2.79,28
04000000223,MandM PB King 2.83oz,Candy,,2.01,2.79,28
04000050886,MandM PB King 2.83oz,Candy,,2.01,2.79,28
04000000032,MandM Peanut 1.74 oz,Candy,,0,1.79,100
04000000031,MandM Plain 1.69 oz,Candy,,1.17,1.79,34.6
04000000431,MandM Plain KS,Candy,,0,2.79,100
04000001732,MandMs Peanut 5.3 oz,Candy,,0,3.89,100
07339000014,Mentos Cinnamon Mint 1.32 oz,Candy,,0.93,1.19,21.8
07339000016,Mentos Fruit 1.32 oz,Candy,,0,1.19,100
07339000183,Mentos Green Apple 1.33 oz,Candy,,0,1.19,100
07339000011,Mentos Mint,Candy,,0,1.19,100
07339001393,Mentos Pure Fresh 15 Pieces,Candy,,0,1.79,100
07339002642,Mentos Rainbow 1.32 oz,Candy,,0,1.19,100
07339002634,Mentos Strawberry,Candy,,0,1.19,100
01070002152,Milk Duds Thtr,Candy,,1.29,2.19,41.1
04000000401,Milky Way  KS,Candy,,2.01,3.29,38.9
04000050405,MilkyWay Midnight KS,Candy,,0,2.79,100
04000042206,Milkyway 1.84,Candy,,1.17,2.29,48.9
03400000031,Mounds 1.75 oz,Candy,,0,1.79,100
03400000521,Mounds King Size,Candy,,0,2.79,100
05964274076,NIK-L-NIP WAX BOTTLE DRIN,Candy,,1.12,1.79,37.4
04142004854,Nerds gummys 8z,Candy,,0,4.99,100
78843410482,ONE BAR REESES PB,Candy,,0,3.59,100
02200000489,Orbit Bubblemint Gum,Candy,,0,1.89,100
02200000486,Orbit Peppermint Gum,Candy,,0,1.89,100
02200000484,Orbit Spearmint Gum,Candy,,1.17,1.89,38.1
02200001209,Orbit Strawberry Remix,Candy,,0,1.89,100
02200000483,Orbit Sweet Mint Gum,Candy,,0,1.89,100
02200000089,Orbit White Peppermint,Candy,,0,2.29,100
02200000094,Orbit White Spearmint,Candy,,0,2.29,100
02200000488,Orbit Wintermint Gum,Candy,,0,1.89,100
79321612030,PAINT ROLLER CANDY,Candy,,0,2.09,100
01070080722,Pay Day,Candy,,0,1.79,100
01070080727,Pay Day King 3.4 oz,Candy,,2.14,3.29,35
68646449700,QUICK BLAST SOUR CANDY SPRAY,Candy,,0,1.99,100
03400045522,REESES BIG CUP STRWRY PB KS,Candy,,0,2.79,100
03400043433,REESES JUMBO,Candy,,0,3.99,100
03400041201,REESES OUTRAGEOUS KS,Candy,,0,2.79,100
03400094653,REESES PB CUP OREO KS,Candy,,0,2.79,100
03400049006,REESES-KING SIZE CRISPY CRUNCHY BARS,Candy,,0,2.79,100
03800030250,RICE KRISPIE TREAT CARAMEL JUMBO,Candy,,0,2.89,100
03400011470,Reese Pieces Thtr,Candy,,1.32,2.29,42.4
03400000440,Reeses 2 PB Cups 1.5 oz,Candy,,0,1.79,100
03400000163,Reeses Big Cup,Candy,,0,1.79,100
03400043095,Reeses Big Cup King Size 2.8 oz,Candy,,2.14,2.79,23.3
03400025218,Reeses Big Cup King Size 2.8 oz,Candy,,2.14,2.79,23.3
03400022902,Reeses Crunchy King Size,Candy,,0,2.79,100
03400000052,Reeses Fast Break,Candy,,1.22,2.29,46.7
03400000035,Reeses Fast Break King 3.5 oz,Candy,,0,2.79,100
03400000165,Reeses Fast Break King 3.5 oz,Candy,,0,2.79,100
03400000480,Reeses King Size 2.8oz,Candy,,2.14,2.79,23.3
03400000653,Reeses Nutrageous KS,Candy,,0,2.79,100
03400045512,Reeses PBJ,Candy,,0,2.79,100
03400048502,Reeses Pieces BC,Candy,,0,2.79,100
03400000248,Reeses Pieces PB,Candy,,1.22,1.79,31.8
03400047368,Reeses Pumpkin King,Candy,,0,2.79,100
03400000203,Reeses Sticks King Size,Candy,,2.14,2.79,23.3
03400048012,Reeses White KS,Candy,,0,2.79,100
04111600519,Ring Pop,Candy,,0,0.89,100
03400037617,Rolo 4.62 oz,Candy,,0,3.09,100
03400000244,Rolo Candy 1.7 oz,Candy,,0,1.79,100
01070055729,Ropes,Candy,,0,2.99,100
01070055730,Ropes,Candy,,0,2.99,100
02200029870,SKITTLE SOUR GUMMI SHARE,Candy,,1.79,2.79,35.8
02200029866,SKITTLES GUMMIES ORIGINAL,Candy,,1.87,2.99,37.5
04000000460,SKITTLES SHARE SIZE,Candy,,0,2.79,100
04000000466,SKITTLES Sourss KSs,Candy,,0,2.79,100
68646448500,SODA CAN FIZZY CANDy,Candy,,0,1.79,100
04136408734,SOUR PUNCH BITES ASSORTED,Candy,,0,1.79,100
04136408730,SOUR PUNCH BLUE RASPBERRY,Candy,,1.23,2.09,41.1
79321616030,SOUR TONGUE SLIME,Candy,,0,2.69,100
02200028238,STAR SWIRL,Candy,,0,2.79,100
02200027863,STARBURST 2.5OZ,Candy,,1.87,2.79,33
02200001606,STARBURST FLAVOR REDS SHARE PAK,Candy,,0,2.79,100
02200033053,STARBURST SOUR SHARE STI,Candy,,1.87,3.29,43.2
07920063163,STRAWBERRY LAFFY TAFFT,Candy,,0.33,0.69,52.2
03400014006,SUPER FAST BREAK,Candy,,3.34,4.39,23.9
68646451600,SWEET RACER CANDY,Candy,,0,1.99,100
07920022288,SWEET TART MINI CHEWY,Candy,,2.28,3.39,32.7
07920043265,SWEET TART ROPE,Candy,,0,3.39,100
07920036200,SWEETARTS ROPES TWISTED,Candy,,1.96,3.29,40.4
07920005171,SWEETTART CHEWY FP MED,Candy,,2.28,3.39,32.7
01070070366,Shaqalicious XL Sour,Candy,,0,3.49,100
04000000160,Skittles Original 2.17 oz,Candy,,0,1.79,100
04000014092,Skittles Original 7.2 oz,Candy,,1.9,3.19,40.4
04000000266,Skittles Sour 1.8 oz,Candy,,0,1.79,100
04000014093,Skittles Sour 5.7 oz,Candy,,0,3.19,100
04000000162,Skittles Wild Berry 2.17 oz,Candy,,0,1.79,100
02200001596,Skittles Wild Berry KS,Candy,,0,2.79,100
04000042431,Snickers 1.86oz,Candy,,0,1.79,100
04000000263,Snickers 2 to Go 3.29 oz,Candy,,2.01,2.79,28
04000000627,Snickers Almond,Candy,,2.01,2.79,28
04000000105,Snickers Almond 1.76 oz,Candy,,0,1.79,100
04000044148,Snickers peanut butter squared 3.56 oz,Candy,,2.01,3.29,38.9
04136408051,Sour Punch Blue RaspBerry Straws,Candy,,0.83,2.29,63.8
04136408053,Sour Punch Strawberry .2oz,Candy,,0.83,1.79,53.6
02200001669,Sour Strawberry Flood 5,Candy,,0,2.89,100
79321615030,Sour Tounge,Candy,,0,2.69,100
07046209850,SourPatch Kids 2oz,Candy,,0,1.79,100
04000000970,Starburst Fave Reds,Candy,,0,1.79,100
04000000051,Starburst Original 2.07 oz,Candy,,1.17,1.79,34.6
04000014114,Starburst Original 7.2 oz,Candy,,1.9,3.19,40.4
02200029857,Starburst all Pink,Candy,,0,2.79,100
07920004983,Sweet Tart,Candy,,1.96,2.79,29.7
07920013116,SweetTarts Giant Chews,Candy,,0,1.59,100
07339005520,TRIDENT BUBBLE GUM,Candy,,0,1.79,100
07339005529,TRIDENT SPRMINT,Candy,,0,3.49,100
07339005537,TRIDENT VIBES BLUE RASP,Candy,,3.31,5.99,44.7
07339005526,TRIDENT WINTERGREEN 12 CT,Candy,,1.13,1.79,36.9
02070901208,TROLLI SOUR EGGS BRITE C,Candy,,0,2.39,100
04000064125,TWIX BITS,Candy,,0,3.29,100
04000060302,TWIX SNIKERDOODLE,Candy,,0,2.79,100
03400000386,Take 5,Candy,,0,1.79,100
03400000135,Take 5 King Size,Candy,,2.14,2.79,23.3
07339005516,TridenT ORIGINAL,Candy,,0,1.79,100
01254601144,Trident Gum,Candy,,0,1.79,100
02070901230,Trolli Sour Brite Crawlers,Candy,,0,2.39,100
04142011587,Trollis Bag Candy,Candy,,1.57,2.69,41.6
04142002716,Trollis Bag Candy,Candy,,0,2.39,100
04000000435,Twix,Candy,,1.17,1.79,34.6
04000000405,Twix 4 to Go ks,Candy,,0,2.79,100
03400054443,Twizzlers Cherry 6.1 oz,Candy,,0,1.99,100
03400054413,Twizzlers Nibs 6 oz,Candy,,2.26,3.09,26.9
03400053104,Twizzlers Strawberry 5oz,Candy,,0,2.79,100
03400054402,Twizzlers Twists 7 oz,Candy,,2.26,3.09,26.9
07279906512,WERTHERS CARAMEL APPLE,Candy,,0,1.69,100
02200001789,WRIGLEY 5 COBALT 35,Candy,,0,6.89,100
02200001790,WRIGLEYS SPEARMINT RAIN 35 PACK,Candy,,0,6.89,100
07279900861,Werther 5.5z,Candy,,0,2.89,100
07279903722,Werthers,Candy,,0,3.49,100
03400000247,Whatchamacallit,Candy,,0,1.79,100
03400000299,Whatchamacallit King size,Candy,,0,2.79,100
01070002440,Whoppers Thtr,Candy,,0,1.79,100
07920091233,Wonka Kasoozles Cherry Punch,Candy,,1.08,2.29,52.8
07920055833,Wonka Rainbow Nerds THtr,Candy,,0,2.09,100
07920000164,Wonka Sweetarts 1.8 oz,Candy,,0,1.59,100
02200001553,Wrigley 5 Ascent,Candy,,0,2.39,100
02200000512,Wrigleys 5 Cobalt Gum,Candy,,0,2.89,100
02200011602,Wrigleys 5 Prism,Candy,,0,2.89,100
02200000514,Wrigleys 5 Rain Spearmint Gum,Candy,,1.54,2.89,46.7
02200011701,Wrigleys 5 React 2 Gum,Candy,,0,2.89,100
02200000668,Wrigleys Big Red Slim Pack Gum,Candy,,0,1.89,100
02200000666,Wrigleys Doublemint Slim Pack Gum,Candy,,0,2.39,100
02200000899,Wrigleys Extra Spearmint Gum,Candy,,1.19,2.19,45.7
02200000665,Wrigleys Spearmint Slim Pack Gum,Candy,,1.16,1.89,38.6
02200000669,Wrigleys Winterfresh Slim Pack Gum,Candy,,0,1.89,100
07339000818,X TREME BITES,Candy,,1.81,3.89,53.5
03400000330,York Peppermint Pattie,Candy,,0,1.79,100
01070080422,Zero,Candy,,0,1.79,100
07339001449,air head bites,Candy,,1.81,2.39,24.3
07339001082,air head soft chews,Candy,,0,2.49,100
03400021753,animal craker,Candy,,2.49,3.19,21.9
07920072047,apple laffy taffy,Candy,,0,0.69,100
07920033940,banna taffy,Candy,,0.33,0.69,52.2
07339005557,bubblious,Candy,,0.88,1.19,26.1
72225260141,builders bar,Candy,,1.67,3.19,47.6
09990010087,butterfiner,Candy,,0,1.49,100
04262501263,candy corn,Candy,,0,1.89,100
04262501285,candy shop cherry sours,Candy,,0,1.89,100
04262501275,"candy shoppe, peach",Candy,,0,1.89,100
07920024911,cherry sweet rope,Candy,,2.28,2.59,12
09990090836,crunch,Candy,,0,1.79,100
83913800252,crunch peanut buter,Candy,,2.02,3.69,45.3
02200001319,eclipse peppermint gum,Candy,,0,1.89,100
02200002190,extra 40pk,Candy,,0,5.29,100
03400000529,ice breakers WINTERGREEN,Candy,,3.44,5.89,41.6
04142012705,jujyfruits,Candy,,0,2.09,100
01070085855,king choco payday,Candy,,0,2.79,100
04142005261,lemon head box,Candy,,0,0.49,100
85002619606,level 1 bar,Candy,,0,3.39,100
07097047535,mike,Candy,,1.16,1.69,31.4
07097047534,mike and ike,Candy,,0,1.69,100
07097047533,mike n ike,Candy,,1.16,1.69,31.4
02200029294,mini skittles,Candy,,0,2.79,100
09990072219,nestle cruch,Candy,,1.96,2.79,29.7
04000000445,og starburst pk,Candy,,0,2.79,100
07279903593,riesn,Candy,,0.97,1.69,42.6
02200028594,skittles,Candy,,0,3.19,100
02200028596,skittles gummies,Candy,,0,3.19,100
07046200200,sour patch,Candy,,2.2,3.69,40.4
07046200822,sour patch,Candy,,0,3.49,100
07172000007,sucker,Candy,,0,0.59,100
01420053549,sugar babies,Candy,,0,1.59,100
07920099889,sweet tart rope,Candy,,0,2.79,100
07339005523,trident,Candy,,0,1.79,100
07339005521,trident cinn,Candy,,0,1.79,100
04000057457,twix salted carmel,Candy,,1.98,2.79,29
03400056043,twizzler pull n pell,Candy,,0,5.79,100
07279949016,werthers oriGiNAL,Candy,,0,3.49,100
04799585518,American Spirit Blue King Box,Cig Cartons,,124.37,133.99,7.2
04799585533,American Spirit Orange King Box,Cig Cartons,,122.53,133.99,8.6
04799585535,American Spirit Organic,Cig Cartons,,127.33,133.99,5
04799585519,American Spirit Yellow King Box,Cig Cartons,,122.53,133.99,8.6
02820030431,Basic Gold King Box,Cig Cartons,,87.99,104.9,16.1
01230025913,Camel 99s Carton,Cig Cartons,,0,122.99,100
01230026013,Camel Blue 99s Box,Cig Cartons,,114.65,122.99,6.8
01230010713,Camel Blue King Box,Cig Cartons,,114.65,122.99,6.8
01230019740,Camel Crush King Box,Cig Cartons,,0,122.99,100
01230019313,Camel Crush Menthol King Box,Cig Cartons,,114.65,122.99,6.8
01230019413,Camel Crush Menthol Silver King Box,Cig Cartons,,114.65,122.99,6.8
01230010313,Camel Filter King Box,Cig Cartons,,114.65,122.99,6.8
01230021513,Camel Silver King Box,Cig Cartons,,0,122.99,100
01230032791,Camel Turkish Silver King Soft,Cig Cartons,,131.55,122.99,-7
02820031021,Land M Blue 100 Box,Cig Cartons,,111.88,114.9,2.6
02820031001,Land M Blue KIng Box,Cig Cartons,,111.88,114.9,2.6
02820031041,Land M Menthol 100 Box Carton,Cig Cartons,,111.88,114.9,2.6
02820031031,Land M Menthol King Carton,Cig Cartons,,113.58,114.9,1.1
02820030991,Land M Red 100 Box,Cig Cartons,,111.88,114.9,2.6
02820030981,Land M Red King Box,Cig Cartons,,111.88,114.9,2.6
02820019650,Marlboro 72 Gold Box,Cig Cartons,,0,129.9,100
02820019620,Marlboro 72 Menthol Box,Cig Cartons,,0,129.9,100
02820019630,Marlboro 72 Red Box,Cig Cartons,,113.63,129.9,12.5
02820013860,Marlboro 72 Silver Box,Cig Cartons,,113.63,129.9,12.5
02820013630,Marlboro Full Flavor 100 Box,Cig Cartons,,113.63,129.9,12.5
02820013570,Marlboro Full Flavor King Box,Cig Cartons,,113.63,129.9,12.5
02820014650,Marlboro Gold 100 Box,Cig Cartons,,113.63,129.9,12.5
02820013840,Marlboro Gold King Box,Cig Cartons,,113.63,129.9,12.5
02820012640,Marlboro King Blend No.27,Cig Cartons,,113.63,129.9,12.5
02820013640,Marlboro Menthol 100 Box,Cig Cartons,,120.83,129.9,7
02820014710,Marlboro Menthol Gold 100 Box,Cig Cartons,,118.63,129.9,8.7
02820014010,Marlboro Menthol Gold King Box,Cig Cartons,,118.63,129.9,8.7
02820013610,Marlboro Menthol King Box,Cig Cartons,,120.83,129.9,7
02820014850,Marlboro Menthol Silver 100 Box,Cig Cartons,,118.63,129.9,8.7
02820014810,Marlboro Menthol Silver King Box,Cig Cartons,,120.83,129.9,7
02820013030,Marlboro Menthol Smooth 100 Box,Cig Cartons,,0,129.9,100
02820013230,Marlboro Menthol Smooth King Box,Cig Cartons,,0,129.9,100
02820031771,Marlboro NXT Carton,Cig Cartons,,0,129.9,100
02820013680,Marlboro Red Label King Box,Cig Cartons,,0,129.9,100
02820014780,Marlboro Silver 100 Box,Cig Cartons,,113.63,129.9,12.5
02820014770,Marlboro Silver King Box,Cig Cartons,,113.63,129.9,12.5
02820019640,Marlboro Special Black Menthol 100 Carto,Cig Cartons,,110.83,127.9,13.3
02820019520,Marlboro Special Blend Black King Box,Cig Cartons,,109.13,127.9,14.7
02820019530,Marlboro Special Blend Black Red 100 Box,Cig Cartons,,109.13,127.9,14.7
02820019540,Marlboro Special Blend Blue King Box,Cig Cartons,,110.83,114.99,3.6
02820013760,Marlboro Special Blend Blue Menthol King,Cig Cartons,,118.63,114.99,-3.2
02820014230,Marlboro Special Blend Gold 100 Box,Cig Cartons,,115.33,114.99,-0.3
02820014220,Marlboro Special Blend Gold King Box,Cig Cartons,,113.63,114.99,1.2
02820015680,Marlboro Special Blend Red 100 Box,Cig Cartons,,0,114.99,100
02820015650,Marlboro Special Blend Red King,Cig Cartons,,115.33,114.99,-0.3
02040005038,Misty Blue 120 Slim Box,Cig Cartons,,136.85,140,2.3
02040005358,Misty Menthol Green 120 Box,Cig Cartons,,136.85,140,2.3
02040005268,Misty Menthol Silver Box,Cig Cartons,,0,140,100
02610080573,Newport Menthol 100 Box,Cig Cartons,,122.28,119.99,-1.9
02610080572,Newport Menthol Gold 100 Box,Cig Cartons,,124.08,119.99,-3.4
02610080575,Newport Menthol King Box,Cig Cartons,,122.28,119.99,-1.9
02610080657,Newport Red 100 Box,Cig Cartons,,112.52,113.99,1.3
02610080656,Newport Red King Box,Cig Cartons,,0,113.99,100
02720034730,PALL MALL WHITE CARTON,Cig Cartons,,0,109.9,100
02720034733,PALL MALLWHT MNTHL 100,Cig Cartons,,108.63,109.9,1.2
02720001862,Pall Mall Blue 100 Box,Cig Cartons,,110.43,109.9,-0.5
02720001854,Pall Mall Blue King Box,Cig Cartons,,108.63,109.9,1.2
02720001865,Pall Mall Green Menthol 100 Box,Cig Cartons,,108.63,109.9,1.2
02720001859,Pall Mall Green Menthol King Box,Cig Cartons,,0,109.9,100
02720073145,Pall Mall Orange,Cig Cartons,,110.43,109.9,-0.5
02720073152,Pall Mall Orange 100 Box,Cig Cartons,,0,109.9,100
02720001867,Pall Mall Red 100 Box,Cig Cartons,,108.63,109.9,1.2
02720001851,Pall Mall Red King Box,Cig Cartons,,0,109.9,100
02820017840,Parliament Blue King Box,Cig Cartons,,0,150,100
09050010027,Salem Gold Box Kings,Cig Cartons,,134.71,129.9,-3.7
09050010026,Salem Menthol Slim 100 Box,Cig Cartons,,134.71,129.9,-3.7
09060030132,USA Gold Menthol Lt Green 100 Box,Cig Cartons,,0,114.99,100
09050010012,Winston Gold 100 Box,Cig Cartons,,110.72,114.9,3.6
09050010017,kool green,Cig Cartons,,116.29,107.9,-7.8
09050001003,$.50 OFF MAVERICK MENTHOL 100S,Cigs,,9.05,8.99,-0.7
09050001029,1$ Off Winston Red Kings,Cigs,,0,7.94,100
84920503204,2P 5.0% GoldenVuse,Cigs,,0,22.99,100
81991301515,2PK JUUL POD,Cigs,,13.12,17.99,27.1
09050001013,50 OFF WINSTON GOLD,Cigs,,10.57,8.44,-25.2
09050001008,50 OFF WINSTON GOLD,Cigs,,10.57,8.44,-25.2
09050001012,50 OFF WINSTON RED,Cigs,,0,11.49,100
84920503062,6 pk  vuse,Cigs,,0,49.99,100
04799585507,American Spirit Black PK,Cigs,,0,13.49,100
04799585508,American Spirit Blue King Box,Cigs,,12.44,13.49,7.8
04799585505,American Spirit Green PK,Cigs,,0,13.49,100
04799585522,American Spirit Menthol Pk,Cigs,,0,13.49,100
04799585523,American Spirit Orange King Box,Cigs,,12.25,13.49,9.2
04799585525,American Spirit Organic,Cigs,,12.73,13.49,5.6
04799585524,American Spirit Turquoise PK,Cigs,,0,13.49,100
04799585509,American Spirit Yellow King Box,Cigs,,12.25,13.49,9.2
04799585603,American Spirit dark blue,Cigs,,0,13.49,100
02820030432,Basic Gold Kings Box,Cigs,,8.8,10.49,16.1
01230010874,CAMEL CRUSH RICH,Cigs,,0,11.19,100
01230032790,CAMEL TURK SILVER KG BX PACK,Cigs,,13.16,12.99,-1.3
01230020059,Camel 99s,Cigs,,0,11.19,100
01230020060,Camel Blue 99s Box,Cigs,,11.47,11.19,-2.5
01230000007,Camel Blue King Box,Cigs,,11.47,11.19,-2.5
01230019741,Camel Crush King Box,Cigs,,0,11.19,100
01230000093,Camel Crush Menthol King Box,Cigs,,11.47,11.19,-2.5
01230000094,Camel Crush Menthol Silver King Box,Cigs,,11.47,11.19,-2.5
01230000003,Camel Filter King Box,Cigs,,11.47,11.19,-2.5
01230020015,Camel Silver Box King,Cigs,,0,11.19,100
01230084599,Doral Silver Box 100,Cigs,,0,10.19,100
07161020369,Dutches,Cigs,,0,1.29,100
07161020368,Dutches,Cigs,,0,1.29,100
81991301158,Juul Kit (Pod not incld),Cigs,,0,13.99,100
09050000086,KOOL BLUE,Cigs,,0,10.72,100
09050001000,Kool MENTHOL BOX 50,Cigs,,0,10.72,100
09050000071,Kool Menthol King Box,Cigs,,11.63,12.49,6.9
02820031402,L and M  100 Box,Cigs,,0,11.99,100
02820031022,L and M Blue 100 Box,Cigs,,11.19,11.99,6.7
02820031002,L and M Blue Kings Box,Cigs,,11.19,11.99,6.7
02820030992,L and M Full Flavor 100 Box,Cigs,,11.19,11.99,6.7
02820030982,L and M Full Flavor King Box,Cigs,,11.19,11.99,6.7
02820031042,L and M Menthol 100 Box,Cigs,,11.19,11.99,6.7
02820031032,L and M Menthol King Box,Cigs,,11.36,11.99,5.3
76244646073,LONGHORN LC WG 75cent off,Cigs,,0,3.24,100
04330018735,Lucky Strike Silver 100s,Cigs,,8.96,8.81,-1.7
02820017942,MARL 1PK 22088 CC BOX .5,Cigs,,9.14,9.49,3.7
02820017943,MARL 1PK 22089 CC 100 BX,Cigs,,9.14,9.49,3.7
02820017944,MARL 1PK 22090 CC GOLD B,Cigs,,9.14,9.49,3.7
02820017945,MARL 1PK 22091 CC GOLD 1,Cigs,,9.2,9.49,3.1
02820017947,MARL 1PK 22093 CC MTHL 1,Cigs,,9.14,9.49,3.7
02820000935,MARLBORO MENTHOL BLACK P,Cigs,,11.86,11.99,1.1
02820000377,MARLBORO MN BLUE 100 BX PACK,Cigs,,0,12.29,100
09050000038,MAVERICK BOX 100S,Cigs,,9.55,10.99,13.1
09050000046,MAVERICK REDS,Cigs,,0,8.99,100
02820000264,Marlboro 27 King Box,Cigs,,11.36,12.29,7.6
02820000963,Marlboro 72 Full Flavor Box,Cigs,,11.36,12.29,7.6
02820000965,Marlboro 72 Gold Box,Cigs,,0,12.29,100
02820000961,Marlboro 72 Menthol Blue Box,Cigs,,0,12.79,100
02820000962,Marlboro 72 Menthol Green Box,Cigs,,0,12.79,100
02820000386,Marlboro 72 Silver Box,Cigs,,11.36,12.29,7.6
02820033692,Marlboro Cowboy Cut 100 Box,Cigs,,8,8.49,5.8
02820033712,Marlboro Cowboy Cut Gold 100 Box,Cigs,,8,8.49,5.8
02820033702,Marlboro Cowboy Cut Gold King Box,Cigs,,8,8.49,5.8
02820033682,Marlboro Cowboy Cut King Box,Cigs,,8,8.49,5.8
02820033722,Marlboro Cowboy Cut King Box,Cigs,,8,8.49,5.8
02820033732,Marlboro Cowboy Cut King Box,Cigs,,8,8.49,5.8
02820000363,Marlboro Full Flavor 100 Box,Cigs,,11.36,12.29,7.6
02820000357,Marlboro Full Flavor King Box,Cigs,,11.36,12.29,7.6
02820000465,Marlboro Gold 100 Box,Cigs,,11.36,12.29,7.6
02820000384,Marlboro Gold King Box,Cigs,,11.36,12.29,7.6
02820000361,Marlboro Menthol  King Box,Cigs,,12.08,12.29,1.7
02820000364,Marlboro Menthol 100 Box,Cigs,,12.08,12.29,1.7
02820000471,Marlboro Menthol Gold 100 Box,Cigs,,11.86,12.29,3.5
02820000401,Marlboro Menthol Gold King Box,Cigs,,11.86,12.29,3.5
02820000485,Marlboro Menthol Silver 100 Box,Cigs,,11.86,12.29,3.5
02820000481,Marlboro Menthol Silver King Box,Cigs,,12.08,12.29,1.7
02820031772,Marlboro NXT,Cigs,,0,12.29,100
02820000369,Marlboro Red Label 100 Box,Cigs,,0,12.29,100
02820000368,Marlboro Red Label King Box,Cigs,,0,12.29,100
02820000478,Marlboro Silver 100 Box,Cigs,,11.36,12.29,7.6
02820000477,Marlboro Silver King Box,Cigs,,11.36,12.29,7.6
02820033062,Marlboro Smooth Ice,Cigs,,0,12.29,100
02820000303,Marlboro Smooth Menthol 100 Box,Cigs,,0,12.29,100
02820000323,Marlboro Smooth Menthol King Box,Cigs,,0,12.29,100
02820000424,Marlboro Southern Cut,Cigs,,11.36,12.29,7.6
02820000887,Marlboro Special Select Black King Box,Cigs,,10.91,10.59,-3
02820000167,Marlboro Special Select Black King Box,Cigs,,0,10.59,100
02820000952,Marlboro Special Select Black King Box,Cigs,,10.91,10.59,-3
02820000964,Marlboro Special Select Black Methol 100,Cigs,,11.08,10.59,-4.6
02820000953,Marlboro Special Select Black Red 100 Box,Cigs,,10.91,10.59,-3
02820000376,Marlboro Special Select Blue King,Cigs,,11.86,12.29,3.5
02820000423,Marlboro Special Select Gold 100 Box,Cigs,,11.53,12.29,6.2
02820000422,Marlboro Special Select Gold King Box,Cigs,,11.36,12.29,7.6
02820000954,Marlboro Special Select King Box,Cigs,,11.08,12.29,9.8
02820000568,Marlboro Special Select Red 100 Box,Cigs,,0,12.29,100
02820000565,Marlboro Special Select Red King Box,Cigs,,11.53,12.29,6.2
09050000054,Maverick Menthol Box PK,Cigs,,0,10.99,100
09050000051,Maverick Menthol Box PK,Cigs,,9.55,10.99,13.1
02040000034,Misty Blue 120 Box,Cigs,,13.69,14.99,8.7
02040000035,Misty Menthol Green 120 Box,Cigs,,13.69,14.99,8.7
04330000095,Misty Menthol Silver Box,Cigs,,0,12.99,100
02040000003,Misty Menthol Silver Box,Cigs,,0,14.99,100
02610000661,NEWPORT 100 NON-MENTHOL GOLD B,Cigs,,0,12.99,100
81068702086,NJOY 4.5,Cigs,,0,6.99,100
02610000572,Newport Menthol Gold 100 Box,Cigs,,12.41,12.99,4.5
02610000575,Newport Menthol Gold Kings Box,Cigs,,12.23,12.99,5.9
02610000660,Newport Non Menthol Gold Kings,Cigs,,0,12.99,100
02610000657,Newport Red 100 Box,Cigs,,11.25,12.99,13.4
02610000656,Newport Red King Box,Cigs,,0,12.99,100
02720020589,PALL MALL SELECT BLUE BX,Cigs,,7.98,8.02,0.5
02720020950,PALL MALL SELECT GREEN 100BX,Cigs,,0,8.02,100
02720020595,PALL MALL SELECT GREEN MTHL BX,Cigs,,7.98,8.02,0.5
02720020956,PALL MALL SELECT RED 100BX,Cigs,,7.98,8.02,0.5
02720020592,PALL MALL SELECT RED BX,Cigs,,7.98,8.02,0.5
02720020953,PALL MALL Select BLUE 100BX,Cigs,,7.98,8.02,0.5
02720000862,Pall Mall Blue 100s Box,Cigs,,11.04,10.99,-0.5
02720000854,Pall Mall Blue Kings Box,Cigs,,10.86,10.99,1.2
02720000867,Pall Mall Full Flavor 100s Box,Cigs,,10.86,10.99,1.2
02720000851,Pall Mall Full Flavor Kings Box,Cigs,,0,10.99,100
02720000865,Pall Mall Menthol 100s Box,Cigs,,10.86,10.99,1.2
02720034728,Pall Mall Menthol Black 100s,Cigs,,10.86,10.99,1.2
02720034725,Pall Mall Menthol Black King,Cigs,,0,10.99,100
02720000859,Pall Mall Menthol Kings  Box,Cigs,,0,10.99,100
02720034731,Pall Mall Menthol White,Cigs,,0,10.99,100
02720034734,Pall Mall Menthol White 100s,Cigs,,10.86,10.99,1.2
02720000175,Pall Mall Orange,Cigs,,11.04,10.99,-0.5
02720000185,Pall Mall Orange 100s  Box,Cigs,,0,10.99,100
02720000417,Pall Mall Silver 100BX,Cigs,,0,10.99,100
02820000784,Parliament Kings Box,Cigs,,0,12.99,100
09050000093,Salem Menthol Gold King Box,Cigs,,13.47,13.49,0.1
09050000092,Salem Slim 100 Box,Cigs,,13.47,13.49,0.1
09060000032,USA Gold Menthol Lt Green 100s Box,Cigs,,0,11.49,100
81991301142,VIRGINA 5 JUUL 4pk,Cigs,,0,28.99,100
84920502117,VUSE ALTO BATTERY  (RED),Cigs,,0,9.99,100
84920501946,VUSE ALTO GOLDEN 2.4,Cigs,,18.46,24.99,26.1
84920501967,VUSE ALTO MENTHOL 1.8,Cigs,,18.46,13.99,-32
84920501625,VUSE ALTO MENTHOL 5.0,Cigs,,18.46,24.99,26.1
84920502354,Vuse golden 4 pack,Cigs,,0,36.99,100
09050000058,Winston Full Flavor 100 Box,Cigs,,0,9.43,100
09050000057,Winston Full Flavor King Box,Cigs,,11.07,11.49,3.7
09050000061,Winston Gold 100 Box,Cigs,,11.07,11.49,3.7
09050000059,Winston Gold King Box,Cigs,,11.07,11.49,3.7
07013711122,Wood Tip Jazz,Cigs,,0,1.69,100
04799520040,american spirit,Cigs,,12.92,13.49,4.2
01230030288,camel royal,Cigs,,0,11.19,100
07161020364,dutch,Cigs,,1.21,1.29,6.2
03330004201,hemp fire,Cigs,,0,0.99,100
09050000073,kool menthol long,Cigs,,0,10.79,100
04330010899,lucky gold,Cigs,,8.96,8.81,-1.7
04330010908,lucky gold 100,Cigs,,8.96,8.81,-1.7
04330018714,lucky menthol,Cigs,,8.96,8.81,-1.7
04330018717,lucky menthol 100,Cigs,,8.96,8.81,-1.7
04330018732,lucky menthol silver,Cigs,,8.96,8.81,-1.7
04330010917,lucky red 83,Cigs,,8.96,8.81,-1.7
09050000053,maverick gold 100s,Cigs,,0,8.49,100
02610000573,newport blue,Cigs,,12.23,12.99,5.9
02610000576,newport gold,Cigs,,12.23,12.99,5.9
02610000578,newport soft 100,Cigs,,11.73,12.99,9.7
02610000577,newport soft 100,Cigs,,11.73,12.99,9.7
81536802148,njoy,Cigs,,0,7.99,100
81536802142,njoy 6%,Cigs,,0,6.99,100
02590020746,swisher,Cigs,,1.46,1.49,2
84920502342,vuse 2.4% menthol 4pk,Cigs,,29.97,36.99,19
84920502351,vuse 5% 4pk,Cigs,,0,36.99,100
84920502345,vuse 5% 4pk,Cigs,,0,36.99,100
03170004949,white owl,Cigs,,0,1.69,100
09050000062,winston,Cigs,,0,9.49,100
04143302576,DELI EXPRESS Turkey Club WRAP,Deli,,4.41,5.49,19.7
04143302364,DELI EXPRESS-BURGER XXL BBQ RIBS,Deli,,3.38,4.99,32.3
04143302961,DELI XXL SPICY CHICKEN,Deli,,3.38,4.99,32.3
04143302411,Deli Express Artisan sub italian,Deli,,4.26,5.99,28.9
04143300180,Deli Express HAM EGGandCHSE CROISSAnt,Deli,,2.9,3.99,27.3
04143303085,Deli Express Italian Style,Deli,,3.91,4.99,21.6
83342500172,FIESTA  BURRITO,Deli,,0,4.39,100
07142157984,PIERRE BIG AZ BURGER W/C,Deli,,3.71,6.19,40.1
00000002424,PIZZA SLICE,Deli,,0,1.84,100
07332172526,SUPER PETZEL,Deli,,0,3.39,100
00000002425,WHOLE PIZZA,Deli,,0,9.84,100
07874235200,1/2 GALLON WHOLE MILK,Edible,,0,2.79,100
01400001320,BORDEN CHOC PINT,Edible,,0,9999.99,100
01400000277,BORDEN PINT,Edible,,0,9999.99,100
87066300189,BORDEN QUART,Edible,,0,9999.99,100
01400000882,BORDEN STRAWBERRYMILK,Edible,,0,9999.99,100
01400000888,BORDEN VT D QUART,Edible,,0,9999.99,100
04143302290,BREAKFAST BURRITO,Edible,,3.2,5.39,40.6
08355408812,BTCH SC 18 OZ,Edible,,0,7.49,100
79285014099,BURTS BEES LIP BALM,Edible,,0,4.59,100
08355408440,BUTCH WHT PIZZA,Edible,,0,9.49,100
08355408413,BUTCHS PIZZA,Edible,,0,9.49,100
02412601027,Bunny Soft Twist Bread,Edible,,0,1.99,100
01580006232,C H LIGHT BROWN SUGAR,Edible,,0,6.29,100
05100001251,CAMPBELL CHICKEN NOODLE,Edible,,0,3.09,100
05100000011,CAMPBELL TOMATO SOUP,Edible,,0,3.09,100
05100001261,CAMPBELLS MUSHROOM SOUP CONDENSED - Can,Edible,,0,3.39,100
05000041493,CARN I BRKFST MILK CHOCOLATE,Edible,,0,9999.99,100
06414404702,CHEF MICRO BEEFARONI,Edible,,0,3.09,100
89470001004,CHOBANI GREEK YOGURT,Edible,,0,9999.99,100
81360801083,COLBY JACK CHEESE 2oz,Edible,,0,9999.99,100
06414404315,Chef Boyardee Beef Ravioli,Edible,,2.61,3.99,34.6
06414404306,Chef Boyardee Mini Ravioli,Edible,,0,3.99,100
06414404322,Chef Boyardee Spaghettiand Meatballs,Edible,,0,3.99,100
04143303105,Chicken Pastor Burrito,Edible,,2.88,4.99,42.3
30045012304,Childrens Tylenol,Edible,,0,13.39,100
72225210260,Clif BB Crisp,Edible,,0,2.59,100
05000030152,Coffee Mate,Edible,,0,6.39,100
05000030062,Coffee Mate,Edible,,0,6.19,100
07066203001,Cup Noodles Beef,Edible,,0,1.79,100
00000000023,Cup Of Ice,Edible,,0,0.25,100
04143300124,DELI EXPRESS HAM and CHEESE WEDGE,Edible,,2.9,3.59,19.2
32390001435,DayQuil 8 Fl OZ coldand flu,Edible,,0,16.99,100
32390003844,Dayquil,Edible,,0,9.99,100
02430004546,Debbie Zebra Donuts,Edible,,0,2.59,100
04143300120,"Deli,ChickenSalad",Edible,,2.9,3.59,19.2
05277900201,EGGS DOZEN,Edible,,0,9999.99,100
02550030401,Folgers,Edible,,0,15.09,100
04150080501,Franks Hot Sauce 5 oz,Edible,,0,3.69,100
01258757263,GLAD LOCK SANDWICH BAG HP400,Edible,,0,2.99,100
01600010710,GOLD MEDAL ALL PURPOSE FLOUR,Edible,,0,5.89,100
03935900103,GRADE A LARGE EGGS,Edible,,0,9999.99,100
04143300183,Generic Item - No description,Edible,,2.98,4.99,40.3
88399066100,Good 2 Grow Apple,Edible,,0,2.89,100
88399065120,Good 2 Grow Fruit Punch,Edible,,0,2.89,100
88399066184,Good 2 Grow Strawberry Kiwi,Edible,,0,2.89,100
31254662368,HALLS-STRAWBERRY,Edible,,1.04,1.99,47.7
01300000640,HEINZ EASY SQUEEZE KETCHUP,Edible,,4.42,7.39,40.2
07206000117,HILAND MILK 1GAL,Edible,,0,9999.99,100
31254662749,Halls Cherry 30 Count,Edible,,0,4.39,100
31254662771,Halls Cherry Cough Drops,Edible,,0,2.09,100
31254662752,Halls Defense,Edible,,1.04,2.09,50.2
31254662754,Halls Defense Assorted Cherry 30 Count,Edible,,0,4.39,100
31254662872,Halls Honey Lemon Cough Drops,Edible,,0,2.09,100
31254662970,Halls Menthlyptus Cough Drops,Edible,,0,2.09,100
07206000132,Highland Choc Milk Pint 16oz,Edible,,0,9999.99,100
07206000717,Hiland 2% Milk Gallon,Edible,,0,9999.99,100
07206000040,Hiland 2% milk pint 16oz,Edible,,0,9999.99,100
00720600017,Hiland V-D Whole Milk Gallon,Edible,,0,9999.99,100
07206000057,Hiland milk pint V-D 16oz,Edible,,0,9999.99,100
74236526435,Horizon DHA Omega-3 2% REDUCED FAT MILK 1.89L,Edible,,0,9999.99,100
00000000005,Ice Cup,Edible,,0,0.25,100
01708287980,Jack Links XXL Squatch Hot,Edible,,0,3.69,100
03800022261,KELL POPT FR CINN,Edible,,4.17,6.99,40.3
03800022271,KELL POPT FR STRAW 1.13,Edible,,0,6.99,100
02100002687,KRAFT-REAL MAYO MAYONNAISE,Edible,,0,7.89,100
02843539825,Klarbrunn Pure Drinking Water  20 oz,Edible,,0,1.19,100
02843539840,Klarbrunn Pure Drinking Water 1 lt.,Edible,,0,1.49,100
02840004380,LAYS,Edible,,0,4.99,100
36671597032,LDRUG ALKA SEL PEG,Edible,,0,2.99,100
36671597273,LDRUG ALLERGY SINUS PEG,Edible,,1.58,3.19,50.5
07330920022,Large Ice Bag,Edible,,0,4.89,100
04470036000,Lunchable,Edible,,0,1.99,100
04178900212,MAR BEEF RAMEN NDL,Edible,,0,0.79,100
04178900121,MARUCHAN CHICKEN CUP,Edible,,0,1.39,100
01400000133,MILK .5GALLON,Edible,,0,9999.99,100
01400000330,MILK 2% HALFGALLON,Edible,,0,9999.99,100
87606300203,MUSCLEMILK BANNANA,Edible,,0,9999.99,100
87606300208,MUSCLEMILK CHOC,Edible,,0,9999.99,100
87606300209,MUSCLEMILK STRBERRY,Edible,,0,9999.99,100
87606300202,MUSCLEMILK VAILLA,Edible,,0,9999.99,100
07008000001,MUSTARD SQUEEZE 10.5/OZ PLOCHM,Edible,,0,3.09,100
07874235201,Milk 1/2 Gallon,Edible,,0,2.79,100
07874235187,Milk 2% Gallon,Edible,,0,2.99,100
02460001098,Morton Salt and Pepper,Edible,,2.81,4.49,37.4
87606300565,Muscle Milk Choc Low Fat 14Oz,Edible,,0,9999.99,100
87606300284,Muscle Milk PRO SERIES BANANA,Edible,,0,9999.99,100
87606300564,Muscle Milk Vanilla low Fat,Edible,,0,9999.99,100
03614405511,NACHOS,Edible,,0,2.49,100
02800028227,NESQUICK 100CALORIE,Edible,,0,9999.99,100
02800089504,NESQUICK BANANA STRAW MILK 14O,Edible,,0,9999.99,100
02800023770,NESQUICK BANNANA,Edible,,0,9999.99,100
02800050420,NESQUICK CHOC,Edible,,0,9999.99,100
02800033116,NESQUICK CHOCMLK,Edible,,0,9999.99,100
02800061810,NESQUICK CHOCOLATE,Edible,,0,9999.99,100
02800061820,NESQUICK STRAWBERRY,Edible,,0,9999.99,100
02800024570,NESQUICK STRBERRY,Edible,,0,9999.99,100
02800033117,NESQUICK STRBERRYMLK,Edible,,0,9999.99,100
02800050415,NESQUICK VANILLA,Edible,,0,9999.99,100
02800094873,NESQUIK 14Z CHOCOLATE,Edible,,0,9999.99,100
02800024620,NESQUIK 32 CHOC,Edible,,0,9999.99,100
02800024630,NESQUIK CHOCOLATE MILK PLST,Edible,,0,9999.99,100
02800089503,NESQUIK DOBLE CHOC MILK 14OZ,Edible,,0,9999.99,100
02800058454,NESQUIK F/F CHOC DRINK PLST,Edible,,0,9999.99,100
02800095044,NESQUIK MILK 14Z BANANA STRAW,Edible,,0,9999.99,100
02800095038,NESQUIK MILK 14Z DOUBLE CHOCOL,Edible,,0,9999.99,100
02800089500,NESQUIK MILK 14Z FAT FREE CHOC,Edible,,0,9999.99,100
02800094886,NESQUIK MILK 14Z STRAWBERRY,Edible,,0,9999.99,100
02800096253,NESQUIK MILK 14Z VANILLA,Edible,,0,9999.99,100
00280002822,Nesquik Choc 8oz 100cal,Edible,,0,9999.99,100
02800015759,Nesquik Girl Scout Thin MInts,Edible,,0,9999.99,100
02800089625,Nesquik Vanilla 16oz,Edible,,0,9999.99,100
04127100129,OAK FORMS 2% MILK PINT,Edible,,0,9999.99,100
04190007517,OAK FORMS CHOCOLATE MILK PINT,Edible,,0,9999.99,100
31031028340,ORAJEL-MAXIMUM TOOTHACHE PAIN RELIEF GEL,Edible,,0,12.29,100
05070030700,PARADE EGGS LARGE GRADE A,Edible,,0,9999.99,100
05070043494,PARADE EGGS MEDIUM GRADE A,Edible,,0,9999.99,100
01400000278,POINSETTA 2% GAL,Edible,,0,9999.99,100
01400000121,POINSETTA GALLON,Edible,,0,9999.99,100
03890000143,PineappleSlices,Edible,,0,4.29,100
07273021406,Prairie Farm 1PT,Edible,,0,1.79,100
07273026416,Prairie Farms 1% Choc pt.,Edible,,0,1.79,100
07273022406,Prairie Farms 2% White Pt,Edible,,0,1.79,100
07273026406,Prairie Farms Chocolate Milk 16oz,Edible,,0,1.79,100
02830000285,SHAMROCK CHOC MILK,Edible,,0,9999.99,100
02830000099,SHAMROCK ESL WHOL CHOC MILK,Edible,,0,9999.99,100
02830000284,SHAMROCK VANILLA MILK,Edible,,0,9999.99,100
03025700995,STRING CHEESE,Edible,,0,9999.99,100
01580003048,SUGAR PURE CANE 2/LB C H,Edible,,0,5.79,100
07330920007,Small Ice Bag,Edible,,0,1.89,100
78616220043,Smart Water 20 oz,Edible,,0,1.39,100
07874223502,TOWEIS,Edible,,0,4.19,100
30045012230,TYLENOL INFANTS,Edible,,0,10.09,100
07339005553,Trident White,Edible,,0,1.89,100
07880011297,UPSTATE STRAWBERRY YOGURT 8OZ,Edible,,0,9999.99,100
02100065893,VELVEETA,Edible,,4.8,7.99,39.9
07874235186,WHOLE MILK GALLON,Edible,,0,2.99,100
02430084199,apple pie,Edible,,0,1,100
07064001556,blue bunny tracks,Edible,,0,5.59,100
07064040075,carmel cone,Edible,,1.47,2.99,50.8
81515402340,cherry lemon reign,Edible,,0,3.29,100
04178900211,chicken ramen,Edible,,0.46,0.79,41.8
07003858769,coffee filters,Edible,,0,3.79,100
02430080891,fudge round,Edible,,0,1,100
02780005335,fudge stripes,Edible,,0,3.49,100
05150000693,grape jelly,Edible,,0,4.79,100
04143300157,ham and cheese sandwhich,Edible,,2.99,4.99,40.1
88810901291,jumbo hostess,Edible,,1.72,2.19,21.5
02100005228,kRAFT SLOW SIMMERED BBQ SAUCE,Edible,,0,4.79,100
02430004455,lil debbie mini g;lazed,Edible,,0,2.59,100
02430004482,lil debbie straw bag don,Edible,,0,2.59,100
87606300201,muscle milk choc,Edible,,0,9999.99,100
07920004906,nerd clusters,Edible,,2.28,3.89,41.4
08355408811,pizza butch,Edible,,0,9.49,100
02430004559,red white and blue dohnuts,Edible,,0,2.59,100
02840074130,salted nut,Edible,,0,2.09,100
02840074131,salted nut,Edible,,0,2.09,100
02840070576,santinas,Edible,,0,2.99,100
01200071301,FOUTAIN DEW,Fountain,,0,1.19,100
00000000002,Large Fountain,Fountain,,0,1.87,100
00000000036,Large Iced Coffee,Fountain,,0,2.99,100
00000000009,Refill Fount. Thermos,Fountain,,0,1.19,100
00000000007,Refill Soda,Fountain,,0,0.75,100
00000000003,Small Fountain,Fountain,,0,1.29,100
00000000004,Smoothie,Fountain,,0,1.89,100
05150000095,SMUCKERS STRAWBERY PRESERVES,GROC NO TAX,,0,5.69,100
00000001000,Gas Card,Gas Card,,0,0.01,100
01650055534,ALKA-SELTZER PLUS,HBA,,0,9.19,100
84603600828,ALLERGY gs multi,HBA,,0,3.49,100
03700042688,ALWAYS PANTILINER UNSCENTED,HBA,,0,2.29,100
84603600665,ANTACID,HBA,,2.45,4.49,45.4
03077203352,Always ultra thin,HBA,,0,9.99,100
04203711115,B.C. OTG HEADACHE PWDR 6,HBA,,0,3.09,100
05100900735,Barbasol shaving Cream,HBA,,0,4.09,100
36671597063,Benadryl allergy,HBA,,0,4.69,100
04138821021,Blistex Medicated Lip Ointment .21 oz,HBA,,0,3.89,100
07906800085,CALAMINE,HBA,,0,4.99,100
30573070112,CHAPSTICK CARD REGULAR PA,HBA,,0,3.19,100
38371100890,CHAPSTICK STRAWBERRY 1CT,HBA,,0,3.19,100
30573071512,CHAPSTICK STRAWBERRY BLI,HBA,,0,3.19,100
37811201104,CHLORASEPTIC-SORE THROAT SPRAY MENTHOL,HBA,,0,11.39,100
30573070512,CHSTK CHERRY,HBA,,0,3.19,100
79255470239,COTTON SWABS,HBA,,0,2.29,100
03700051218,CREST CVTY PROTECT REG T,HBA,,1.06,1.99,46.7
79255462001,Carmex Original .35 oz.,HBA,,0,3.09,100
00000000048,Coffee Refill Large,HBA,,0,0.84,100
32390001442,DAYQUIL COLD FLU LIQUIC,HBA,,0,16.79,100
36671597042,DAYQUIL SEVERE 4CT,HBA,,0,4.79,100
36671597394,DRUG STORE  Ibuprofen 12,HBA,,1.94,3.89,50.1
30234085327,DUREX PERFORM INTENSE,HBA,,0,3.49,100
30234030045,Durex Classic,HBA,,2.39,4.39,45.6
30234012900,Durex Extra Sensitive Thin,HBA,,0,3.89,100
30234009658,Durex Intense Sensation,HBA,,2.39,4.39,45.6
30234089455,Durex Non-Latex,HBA,,0,4.49,100
84105800520,EDGE SENSITIVE,HBA,,0,7.59,100
18041000082,G/S BANDAID PL 3/4,HBA,,0,2.29,100
84603600911,GOODSENSE ALLERGY      2,HBA,,1.65,2.99,44.8
84603600955,GOODSENSE ASPIRIN TAB 10,HBA,,1.82,3.39,46.3
07003013216,GS Anti-Diarrheal,HBA,,0,3.79,100
84603600802,GS BABY OIL,HBA,,0,2.78,100
18041000085,GS BANDIAD SHEER .75,HBA,,0,2.79,100
84603600912,GS COLD and FLU SEVERE CAP,HBA,,0,6.29,100
37003013725,GS Childrens Ibuprofen,HBA,,0,7.39,100
30113099473,GS DAYTIME COLD/FLU RLF 1,HBA,,0,4.98,100
84603600650,GS DRY SKIN LOTION 10OZ,HBA,,0,3.89,100
08374496450,GS ELECTROLYTE POWDER,HBA,,0,10.49,100
07003013995,GS NASAL SPRAY 12 HOUR,HBA,,0,3.09,100
30113048471,GS PAIN RELIEF 50CAP (TYLENOL,HBA,,0,3.19,100
84603600849,GS Stomach Relief,HBA,,2.88,5.29,45.6
84603600915,GS Stomach Relief Tablets,HBA,,0,5.89,100
30113172526,GS Tussin DM,HBA,,0,3.39,100
07003013997,GS ibuprofen 50,HBA,,1.96,3.59,45.4
84603600909,Generic Item-No description,HBA,,0,3.49,100
30766725029,Generic Item-No description,HBA,,0,3.69,100
03077208858,Generic ItemNo description,HBA,,0,6.09,100
37003014662,Good Sense Non Drowsy Allergy,HBA,,0,2.39,100
30113045934,Good sense night time cough,HBA,,0,5.49,100
30113436862,Gs naproxen,HBA,,0,3.59,100
84603600804,HEAD CONGEST+MUCUS,HBA,,0,4.19,100
03077206318,HEAD and SHOULDERS SHAMPOO,HBA,,0,10.59,100
31254662869,Halls Honey Lemon Peg,HBA,,0,4.39,100
31254662936,Halls Mentho-Lyptus 30ct,HBA,,0,4.39,100
30045029509,Imodium 6Caplets,HBA,,0,8.39,100
36671597572,L.DRUG TYLENOL SINUS 6.4,HBA,,0,3.59,100
79255470220,LD BRAND FIRST AID KIT,HBA,,0,3.59,100
79255470104,LD SHAVING KIT DELUXE,HBA,,0,6.49,100
36671597002,LDRUG ADVIL PEG,HBA,,1.35,2.79,51.6
36671597262,LDRUG BAYER PEG,HBA,,0,2.09,100
36671597241,LDRUG MUCINEX DM PEG,HBA,,0,4.79,100
36671597592,LDS BRAND ANTI DIARRHEAL,HBA,,0,2.29,100
36671597173,LIL D TYLENOL PM CAPS,HBA,,0,3.79,100
79255470151,LIL DRUG TOOTHBRUSH,HBA,,0,2.79,100
79255410400,LN NAIL CLIPPER W/FILE,HBA,,1.22,2.29,46.7
04051506902,Large Coffee/Cap.,HBA,,0,1.19,100
36671598042,Lil D Dayquil,HBA,,0,4.79,100
36671597452,Lil Drug Midol,HBA,,0,3.59,100
36671598052,Lil d,HBA,,0,4.79,100
04051506901,Medium Coffee/Cap,HBA,,0,1.09,100
00000000008,Refill Coffee Thermos,HBA,,0,1.69,100
00000000006,Refill Coffee/Cap.,HBA,,0,0.66,100
79255410404,Slant Tweezers,HBA,,1.12,2.09,46.4
04051506900,Small Coffee/Cap.,HBA,,0,0.99,100
30766074060,TUMS-SMOOTHIES ASSORTED FRUIT ANTACID - Bottle,HBA,,1.72,3.49,50.7
30766074670,Tums Assorted Berries Antacid,HBA,,0,2.19,100
30766073919,Tums Extra 750 Assorted Fruit,HBA,,0,1.39,100
30766738808,Tums Extra berry,HBA,,0,1.39,100
30766074680,Tums Ultra Peppermint,HBA,,1.22,2.49,51
30766749110,Tums Ultra Stregth,HBA,,0,2.69,100
30521275000,Vaseline Lip Therapy,HBA,,0,3.99,100
30573015020,advil,HBA,,0,7.89,100
31284355536,bayer,HBA,,0,5.79,100
36671597321,claritan,HBA,,2.74,5.49,50.1
84603600172,iso alchol,HBA,,0,5.49,100
00000002426,HOTDOGS,Hot Food,,0,1.49,100
65344327604,#1 Instant,Instant Lottery,,0,1,100
65344327606,#15 Instant Latto,Instant Lottery,,0,5,100
65344327616,#18 cash chaser,Instant Lottery,,0,10,100
65344327602,#19 InstantLottery,Instant Lottery,,0,10,100
65344327607,#20 Instant,Instant Lottery,,0,10,100
65344327608,#20 Instant,Instant Lottery,,0,20,100
65344327603,"#24, Multi Madness",Instant Lottery,,0,20,100
65344327610,"#29,Diamonds",Instant Lottery,,0,25,100
65344327605,#6,Instant Lottery,,0,2,100
65344327613,#6triple dynamite,Instant Lottery,,0,2,100
65344327614,#9B Jurassic,Instant Lottery,,0,5,100
65344327559,$10 10XCash,Instant Lottery,,0,10,100
65344327594,$10 50X The Cash,Instant Lottery,,0,10,100
65344327592,$2 10X The Cash,Instant Lottery,,0,2,100
65344327595,$20 100X The Cash,Instant Lottery,,0,20,100
65344327555,$30 Cash is King,Instant Lottery,,0,30,100
65344327593,$5 25X The Cash,Instant Lottery,,0,5,100
65344315989,$5 Bingo,Instant Lottery,,0,5,100
65344327523,$5 Bingo Tripler,Instant Lottery,,0,5,100
65344311826,$5 Black Pearls,Instant Lottery,,0,5,100
65344318254,$5 CROSSWORD,Instant Lottery,,0,5,100
65344327541,$5 Cash Eruption,Instant Lottery,,0,5,100
65344327522,$5 Crossword,Instant Lottery,,0,5,100
65344313927,$5 Crossword,Instant Lottery,,0,5,100
65344311787,$5 Crossword,Instant Lottery,,0,5,100
65344310703,$5 Diamond Dazzler,Instant Lottery,,0,5,100
65344327576,$5 Diamond Mine,Instant Lottery,,0,5,100
65344327552,$5 FAB 5,Instant Lottery,,0,5,100
65344327509,$5 Frenzy,Instant Lottery,,0,5,100
65344327529,$5 Frogger,Instant Lottery,,0,5,100
65344311793,$5 Golden Goose Doubler,Instant Lottery,,0,5,100
65344311792,$5 High Roller,Instant Lottery,,0,5,100
65344318263,$5 Instant Ticket,Instant Lottery,,0,5,100
65344318267,$5 Instant Ticket,Instant Lottery,,0,5,100
65344327340,$5 Instant Ticket,Instant Lottery,,0,5,100
65344327313,$5 Instant Ticket,Instant Lottery,,0,5,100
65344327303,$5 Instant Ticket,Instant Lottery,,0,5,100
65344327309,$5 Instant Ticket,Instant Lottery,,0,5,100
65344327317,$5 Instant Ticket,Instant Lottery,,0,5,100
65344327333,$5 Instant Ticket,Instant Lottery,,0,5,100
65344318293,$5 Instant Ticket,Instant Lottery,,0,5,100
65344317218,$5 Instant Ticket,Instant Lottery,,0,5,100
65344318232,$5 Instant Ticket,Instant Lottery,,0,5,100
65344317225,$5 Instant Ticket,Instant Lottery,,0,5,100
65344317229,$5 Instant Ticket,Instant Lottery,,0,5,100
65344318241,$5 Instant Ticket,Instant Lottery,,0,5,100
65344317222,$5 Instant Ticket,Instant Lottery,,0,5,100
65344318236,$5 Instant Ticket,Instant Lottery,,0,5,100
65344327307,$5 Instant Ticket,Instant Lottery,,0,5,100
65344327297,$5 Instant Ticket,Instant Lottery,,0,5,100
65344318278,$5 Instant Ticket,Instant Lottery,,0,5,100
65344318259,$5 Instant Ticket,Instant Lottery,,0,5,100
65344318274,$5 Instant Ticket,Instant Lottery,,0,5,100
65344318287,$5 Instant Ticket,Instant Lottery,,0,5,100
65344327375,"$5 JACKPOT $250,000",Instant Lottery,,0,5,100
65344314962,$5 Millionaire,Instant Lottery,,0,5,100
65344311806,$5 Power 7s,Instant Lottery,,0,5,100
65344311778,$5 Red Number Bingo,Instant Lottery,,0,5,100
65344327359,$5 SAPPHIRE 7S,Instant Lottery,,0,5,100
65344316170,$5 Seasons Greetings,Instant Lottery,,0,5,100
65344314987,$5 Special Olympics,Instant Lottery,,0,5,100
65344316162,$5 The Money Game,Instant Lottery,,0,5,100
65344314977,$5 Veterens Cash,Instant Lottery,,0,5,100
65344311796,$5 Wheel of Fortune,Instant Lottery,,0,5,100
65344327558,$5 Win It All,Instant Lottery,,0,5,100
65344311788,$5 Winfall,Instant Lottery,,0,5,100
65344317190,$5 Winfall,Instant Lottery,,0,5,100
65344314974,$5 Winner Green,Instant Lottery,,0,5,100
65344327328,$5 crossword,Instant Lottery,,0,5,100
65344315105,$5.00 Cool Cash,Instant Lottery,,0,5,100
65344313917,$5.00 Disco Bingo,Instant Lottery,,0,5,100
65344314943,$5.00 Jackpot,Instant Lottery,,0,5,100
65344314954,$5.00 X Word,Instant Lottery,,0,5,100
65344327575,$50 Bankroll,Instant Lottery,,0,50,100
65344311771,$500 A Week for Life $1,Instant Lottery,,0,1,100
65344313912,$500 Frenzy,Instant Lottery,,0,5,100
65344327384,1 MILLION MERRY BRIGHT,Instant Lottery,,0,20,100
65344327532,1$ Holiday Cash,Instant Lottery,,0,1,100
65344327496,1$ Luck of the Irish,Instant Lottery,,0,1,100
65344327503,1$ Money Match,Instant Lottery,,0,1,100
65344317206,"1,000,000 CASH $10",Instant Lottery,,0,10,100
65344327430,"1,000,000 cash",Instant Lottery,,0,30,100
65344316167,1.00 Holiday Cash,Instant Lottery,,0,1,100
65344327564,10 crossword,Instant Lottery,,0,10,100
65344327426,10 grand,Instant Lottery,,0,1,100
65344327543,10 mill,Instant Lottery,,0,50,100
65344327535,10$ Gifts of Green,Instant Lottery,,0,10,100
65344327476,10$ Mega Money,Instant Lottery,,0,10,100
65344327521,10$ crossword,Instant Lottery,,0,10,100
65344327429,10$ crossword,Instant Lottery,,0,10,100
65344316178,10.00 Crossword,Instant Lottery,,0,10,100
65344314980,100 Frenzy,Instant Lottery,,0,2,100
65344316184,100 X the Cash,Instant Lottery,,0,20,100
65344314986,100 X the Cash,Instant Lottery,,0,20,100
65344327454,100 million cash,Instant Lottery,,0,10,100
65344327364,100X The Cash,Instant Lottery,,0,20,100
65344327446,100x,Instant Lottery,,0,20,100
65344327494,100x,Instant Lottery,,0,20,100
65344327392,10X THE CASH,Instant Lottery,,0,2,100
65344316181,10X The Cash,Instant Lottery,,0,2,100
65344327491,10x,Instant Lottery,,0,2,100
65344327443,10x,Instant Lottery,,0,2,100
65344312848,2 X The Money,Instant Lottery,,0,1,100
65344327515,2$ BlackJack,Instant Lottery,,0,2,100
65344327475,2$ Diamon Dazzler,Instant Lottery,,0,2,100
65344327497,2$ Fat Wallet,Instant Lottery,,0,2,100
65344327533,2$ Gold Outside,Instant Lottery,,0,2,100
65344327469,2$ tripple 7,Instant Lottery,,0,2,100
65344316166,2.00 Turkey Tripler,Instant Lottery,,0,2,100
65344312854,20 X 20 WFL,Instant Lottery,,0,20,100
65344327463,20$ Illinois Jackpot,Instant Lottery,,0,20,100
65344327536,20$ Merry Multipier,Instant Lottery,,0,20,100
65344327549,20$ monopoly,Instant Lottery,,0,20,100
65344318244,"20,000 Richer  $2",Instant Lottery,,0,2,100
6534431510777,20.00 Golden Casino,Instant Lottery,,0,20,100
65344316171,20.00 Merry Millionaire,Instant Lottery,,0,20,100
65344327451,200X 30$,Instant Lottery,,0,30,100
65344327590,200X THE CASH,Instant Lottery,,0,30,100
65344318253,200x,Instant Lottery,,0,30,100
65344314959,200x,Instant Lottery,,0,30,100
65344318264,200x,Instant Lottery,,0,30,100
65344327314,200x,Instant Lottery,,0,30,100
65344327495,200x,Instant Lottery,,0,30,100
65344327352,20YR CASH,Instant Lottery,,0,20,100
65344327353,20YR CASH,Instant Lottery,,0,1,100
65344327356,20YR CASH 10,Instant Lottery,,0,10,100
65344327354,20YR CASH 2,Instant Lottery,,0,2,100
65344327355,20YR CASH 5,Instant Lottery,,0,5,100
65344314940,20YRS $10000,Instant Lottery,,0,10,100
65344314938,20YRS $2000,Instant Lottery,,0,2,100
65344314937,20YRs$1000,Instant Lottery,,0,1,100
65344314939,20yrs $5000,Instant Lottery,,0,5,100
65344327477,25$ Diamond Crossword,Instant Lottery,,0,25,100
65344327571,25$ crossword,Instant Lottery,,0,25,100
65344314955,"250,00 Crossword",Instant Lottery,,0,10,100
65344327393,25X THE CASH,Instant Lottery,,0,5,100
65344314984,25X the Cash,Instant Lottery,,0,5,100
65344316182,25X the Cash,Instant Lottery,,0,5,100
65344327492,25x,Instant Lottery,,0,5,100
65344327444,25x,Instant Lottery,,0,5,100
65344327661,3 MILLION VAULT $20,Instant Lottery,,0,20,100
65344327448,3$ Bingo,Instant Lottery,,0,3,100
65344327498,3$ Money Mania,Instant Lottery,,0,3,100
65344327478,3$ Pumpkin Payout,Instant Lottery,,0,3,100
65344327537,3$ Ticket for the Cure,Instant Lottery,,0,3,100
65344327516,3$ Twisted,Instant Lottery,,0,3,100
65344316165,3.00 Ticket for Cure,Instant Lottery,,0,3,100
65344327512,30$ Titanium Black,Instant Lottery,,0,30,100
65344327520,3000000,Instant Lottery,,0,30,100
65344327416,3x the money,Instant Lottery,,0,3,100
65344327396,5 MILLION RICH,Instant Lottery,,0,30,100
65344312839,5 X The money 2.00,Instant Lottery,,0,2,100
65344327588,5 bingo,Instant Lottery,,0,5,100
65344327600,5 times lucky,Instant Lottery,,0,5,100
65344327513,5$ Big Bucks Blowout,Instant Lottery,,0,5,100
65344327504,5$ Extra Play,Instant Lottery,,0,5,100
65344327526,5$ Gold Standard,Instant Lottery,,0,5,100
65344327534,5$ Holiday Bonus,Instant Lottery,,0,5,100
65344327514,5$ Power Shot,Instant Lottery,,0,5,100
65344316169,5.00 Candy Cane Crossword,Instant Lottery,,0,5,100
65344327560,50,Instant Lottery,,0,2,100
65344327508,50 frenzy,Instant Lottery,,0,2,100
65344327544,50 year 7.11.21,Instant Lottery,,0,1,100
65344327390,500 FRENZY,Instant Lottery,,0,5,100
65344314970,500 Frenzy,Instant Lottery,,0,5,100
65344327481,500 Holiday Gold $5,Instant Lottery,,0,5,100
65344327572,500 maddness,Instant Lottery,,0,5,100
65344327465,500$ frenzy,Instant Lottery,,0,5,100
65344327561,50000,Instant Lottery,,0,5,100
65344327562,50000,Instant Lottery,,0,10,100
65344327563,50000,Instant Lottery,,0,20,100
65344313889,50X The Cash,Instant Lottery,,0,20,100
65344314985,50X the Cash,Instant Lottery,,0,10,100
65344316183,50X the Cash,Instant Lottery,,0,10,100
65344327493,50x,Instant Lottery,,0,10,100
65344327445,50x,Instant Lottery,,0,10,100
65344316180,5X The Cash,Instant Lottery,,0,1,100
65344327442,5x,Instant Lottery,,0,1,100
65344327490,5x,Instant Lottery,,0,1,100
65344327617,7 11 21,Instant Lottery,,0,1,100
65344327643,7 11 21 1DOL,Instant Lottery,,0,1,100
65344317203,7 wins $1,Instant Lottery,,0,1,100
65344313914,7-11 21,Instant Lottery,,0,1,100
65344314005,7-11-21,Instant Lottery,,0,1,100
65344327404,7-11-21,Instant Lottery,,0,1,100
65344327431,7-11-21,Instant Lottery,,0,1,100
65344327596,7-11-21,Instant Lottery,,0,1,100
65344327574,7-11-21,Instant Lottery,,0,1,100
65344316160,7-11-21 $1,Instant Lottery,,0,1,100
65344311774,7-11-21 $1,Instant Lottery,,0,1,100
65344327350,7-11-21 1$,Instant Lottery,,0,1,100
65344327401,777,Instant Lottery,,0,5,100
65344327453,777,Instant Lottery,,0,5,100
65344327542,777 jackpot,Instant Lottery,,0,10,100
65344327658,7X BINGO MULTIPLIER 5DOL,Instant Lottery,,0,5,100
65344312855,9s in a Line,Instant Lottery,,0,1,100
65344327655,ADD IT UP 2DOL $2,Instant Lottery,,0,2,100
65344312856,Acesand 8s,Instant Lottery,,0,2,100
65344310712,Amazing 6s $1,Instant Lottery,,0,1,100
65344310748,Amethyst $5,Instant Lottery,,0,5,100
65344316174,Artic 7s $1,Instant Lottery,,0,1,100
65344312865,BINGO Boogie,Instant Lottery,,0,3,100
65344327323,BLACK,Instant Lottery,,0,10,100
65344314947,Bejeweled,Instant Lottery,,0,3,100
65344311785,Big Bucks $2,Instant Lottery,,0,2,100
65344327470,Big Bucks Blowout 5$,Instant Lottery,,0,5,100
65344318245,Big Money $5,Instant Lottery,,0,5,100
65344310730,Bingo $5,Instant Lottery,,0,5,100
65344317223,Bingo 3,Instant Lottery,,0,3,100
65344318237,Bingo 3,Instant Lottery,,0,3,100
65344317228,Bingo 3,Instant Lottery,,0,3,100
65344327300,Bingo 3,Instant Lottery,,0,3,100
65344318292,Bingo 3,Instant Lottery,,0,3,100
65344317221,Bingo 3,Instant Lottery,,0,3,100
65344318272,Bingo 3,Instant Lottery,,0,3,100
65344318273,Bingo 3,Instant Lottery,,0,3,100
65344318282,Bingo 3,Instant Lottery,,0,3,100
65344327308,Bingo 3,Instant Lottery,,0,3,100
65344327339,Bingo 3,Instant Lottery,,0,3,100
65344327326,Bingo 3,Instant Lottery,,0,3,100
65344327336,Bingo 3,Instant Lottery,,0,3,100
65344312858,Birthday Surprise,Instant Lottery,,0,5,100
65344314948,Black Diamond 7s,Instant Lottery,,0,5,100
65344317207,BlackJack Doubler $1,Instant Lottery,,0,1,100
65344327599,Blowout x $30,Instant Lottery,,0,30,100
65344327362,Blue,Instant Lottery,,0,2,100
65344315992,Brake the Bank,Instant Lottery,,0,2,100
65344318251,Break Bank $10,Instant Lottery,,0,10,100
65344317209,Buried Riches,Instant Lottery,,0,2,100
65344327620,CASH GRAB $5,Instant Lottery,,0,5,100
65344327619,CASH LINE,Instant Lottery,,0,3,100
65344327568,CHICKEN DINNER,Instant Lottery,,0,5,100
65344312861,Candy Cane Crossword,Instant Lottery,,0,3,100
65344312838,Cardinals,Instant Lottery,,0,2,100
65344327341,Cash Club,Instant Lottery,,0,5,100
65344327342,Cash Extreme,Instant Lottery,,0,10,100
65344315997,Cash Money,Instant Lottery,,0,5,100
65344314967,Cash Spectacular,Instant Lottery,,0,10,100
65344312843,Casino Cashword,Instant Lottery,,0,3,100
65344327457,Casino Gold,Instant Lottery,,0,5,100
65344317208,Casino Royal $5,Instant Lottery,,0,5,100
65344311783,Checkered Chagne $1,Instant Lottery,,0,1,100
65344310744,Chicago Blackhawks $5,Instant Lottery,,0,5,100
65344327467,Chicken Dinner 3$,Instant Lottery,,0,3,100
65344327480,Christmas Vacation $2,Instant Lottery,,0,1.99,100
65344316151,Cool 7s $1,Instant Lottery,,0,1,100
65344327640,Crossword $10,Instant Lottery,,0,10,100
65344327639,Crossword $25 Grid Multiplier,Instant Lottery,,0,25,100
65344316173,Crossword $3,Instant Lottery,,0,3,100
65344309692,Crossword $3,Instant Lottery,,0,3,100
65344310733,Crossword $5,Instant Lottery,,0,5,100
65344312836,Cubs,Instant Lottery,,0,2,100
65344327621,DIAMOND DELUXE $20,Instant Lottery,,0,20,100
65344327650,DIAMONDS $10,Instant Lottery,,0,10,100
65344327385,DOUBLE MATCH,Instant Lottery,,0,2,100
65344316153,Dazzling Dollars $5,Instant Lottery,,0,5,100
65344327447,Diamond Crossword 25$,Instant Lottery,,0,25,100
65344327644,Diamond Slingo $3:00,Instant Lottery,,0,3,100
65344327360,Diamond crossword 10x,Instant Lottery,,0,25,100
65344317211,Diamonds Gold $10,Instant Lottery,,0,10,100
65344311769,Double Diamond,Instant Lottery,,0,2,100
65344316143,Double Doubler,Instant Lottery,,0,1,100
65344315995,Double Match,Instant Lottery,,0,2,100
65344327466,Double Match 2$,Instant Lottery,,0,2,100
65344318257,Double Your Luck  $2,Instant Lottery,,0,2,100
65344310764,Dugout Doubler $1,Instant Lottery,,0,1,100
65344327645,ELECTRIC CASH $5,Instant Lottery,,0,5,100
65344327633,EMERALD 7s $5,Instant Lottery,,0,5,100
65344327647,EMERALDS 1DOL $1,Instant Lottery,,0,1,100
65344327468,Emerald 7s 5$,Instant Lottery,,0,5,100
65344317192,Emerald Green 7s,Instant Lottery,,0,5,100
65344312846,Extreme Green,Instant Lottery,,0,5,100
65344327412,Extreme cash,Instant Lottery,,0,10,100
65344313933,Fabulous Fortune,Instant Lottery,,0,20,100
65344316145,Fantasatic 5s,Instant Lottery,,0,5,100
65344312841,Fire N Dice 5.00,Instant Lottery,,0,5,100
65344318248,Fruity Fortune $3,Instant Lottery,,0,3,100
65344317198,Full of $500s,Instant Lottery,,0,5,100
65344327669,GALAXY BLAST 5DOL,Instant Lottery,,0,5,100
65344327626,GNOME HOLIDAYS $2,Instant Lottery,,0,2,100
65344327368,GOLD PREMIUM PLAY $10,Instant Lottery,,0,10,100
65344327622,GOLDEN CASINO $10,Instant Lottery,,0,10,100
65344315107,Golden Casino 20.00,Instant Lottery,,0,20,100
65344318246,Golden Ticket $10,Instant Lottery,,0,10,100
65344327582,HOLIDAY BLOW,Instant Lottery,,0,5,100
65344327628,HOLIDAY BUCKS $10,Instant Lottery,,0,10,100
65344327580,HOLIDAY CASH,Instant Lottery,,0,1,100
65344327382,HOLIDAY CASH BONUS$5,Instant Lottery,,0,5,100
65344327625,HOLIDAY COOKIE CASH $1,Instant Lottery,,0,1,100
65344327629,HOLIDAY GOLD $20,Instant Lottery,,0,20,100
65344312851,Hit $200,Instant Lottery,,0,2,100
65344317215,Holiday Bonus $5,Instant Lottery,,0,5,100
65344312859,Holiday Cash,Instant Lottery,,0,1,100
65344314971,Holiday Cash,Instant Lottery,,0,1,100
65344327479,Holiday Cash $1,Instant Lottery,,0,1,100
65344327482,Holiday Sparkle $10,Instant Lottery,,0,10,100
65344327598,IN THE MONEY $5,Instant Lottery,,0,5,100
65344312845,Illinois Gold,Instant Lottery,,0,2,100
65344311779,Illinois Lottery Black $10,Instant Lottery,,0,10,100
65344312832,Illinois Lottery Platinum,Instant Lottery,,0,5,100
65344318260,Illinois Millions $20,Instant Lottery,,0,20,100
65344316152,It Takes 2 $2,Instant Lottery,,0,2,100
65344327320,JUMBO BUCKS,Instant Lottery,,0,2,100
65344327627,JUNGLE BELL BLOWOUT $5,Instant Lottery,,0,5,100
65344327670,Jackpot 5000k,Instant Lottery,,0,30,100
65344311768,Jackpot Bonus $10,Instant Lottery,,0,10,100
65344312860,Jingle Bells,Instant Lottery,,0,2,100
65344317205,Keno $3,Instant Lottery,,0,3,100
65344327566,King crossword $3,Instant Lottery,,0,3,100
65344311749,Kings of Cash $5,Instant Lottery,,0,5,100
65344327651,LOTERIA $3,Instant Lottery,,0,3,100
65344314963,Loose Change,Instant Lottery,,0,1,100
65344317179,Loose Change 1.00,Instant Lottery,,0,1,100
65344312834,Loose Change 1.00,Instant Lottery,,0,1,100
65344316144,Loteria Don Clementa,Instant Lottery,,0,3,100
65344316175,Loteria Don Clementa,Instant Lottery,,0,3,100
65344317186,Luck of the Irish $2,Instant Lottery,,0,2,100
65344315966,Lucky Dog,Instant Lottery,,0,1,100
65344312830,Lucky Green,Instant Lottery,,0,2,100
65344311828,Lucky Stars,Instant Lottery,,0,1,100
65344327624,MAX MULTIPLER $20,Instant Lottery,,0,20,100
65344327584,MERRY MILLION,Instant Lottery,,0,20,100
65344327583,MERRY MINT,Instant Lottery,,0,10,100
65344327660,MILLIONAIRE 7 $10,Instant Lottery,,0,10,100
65344327652,MONEY RUSH 5DOL,Instant Lottery,,0,5,100
65344327357,MS PROJ 3,Instant Lottery,,0,3,100
65344318235,MS Project $3,Instant Lottery,,0,3,100
65344317187,MS Project $3 Scratch,Instant Lottery,,0,3,100
65344317189,Match 3 Tripler,Instant Lottery,,0,1,100
65344327530,Mega Bucks $10,Instant Lottery,,0,10,100
65344311833,Mega Power,Instant Lottery,,0,5,100
65344327483,Merry Mega Mulriplier $20,Instant Lottery,,0,20,100
65344312863,Merry Millionaire,Instant Lottery,,0,20,100
65344314975,Merry Millionaire,Instant Lottery,,0,20,100
65344317193,Million $ Match $30,Instant Lottery,,0,30,100
65344317201,Million Dollar Payday $5,Instant Lottery,,0,5,100
65344327611,Millionaire Club,Instant Lottery,,0,50,100
65344312822,Mission Move,Instant Lottery,,0,3,100
65344327347,Money Bags,Instant Lottery,,0,2,100
65344317210,Money Machine $5,Instant Lottery,,0,5,100
65344314949,Money Mania,Instant Lottery,,0,20,100
65344310747,Money Marker $5,Instant Lottery,,0,5,100
65344327659,Money Match $10,Instant Lottery,,0,10,100
65344318250,Money Match $5,Instant Lottery,,0,5,100
65344316146,Money Multiplier,Instant Lottery,,0,2,100
65344310766,Money Pot $1,Instant Lottery,,0,1,100
65344327601,More money,Instant Lottery,,0,5,100
65344317202,Multi Millionaire $20,Instant Lottery,,0,20,100
65344327649,ONYX $5,Instant Lottery,,0,5,100
65344327656,POWER UP! MULTPLIER $5,Instant Lottery,,0,5,100
65344315109,"Payday 250,000",Instant Lottery,,0,5,100
65344318256,Pigs Fly $1,Instant Lottery,,0,1,100
65344310742,Platinum Payout $20,Instant Lottery,,0,20,100
65344312850,Queen Of Hearts,Instant Lottery,,0,5,100
65344314958,Queen Of Hearts,Instant Lottery,,0,5,100
65344316157,Quick Bucks $1,Instant Lottery,,0,1,100
65344327367,RED RIBBON CASH,Instant Lottery,,0,3,100
65344327366,ROAD TO ROUT 66,Instant Lottery,,0,5,100
65344317199,ROAD TRIP $2,Instant Lottery,,0,2,100
65344327648,RUBIES $2,Instant Lottery,,0,2,100
65344318243,Red Hot 7 $1,Instant Lottery,,0,1,100
65344318249,Red Ribbon,Instant Lottery,,0,3,100
65344315106,Red Ribbon Cash,Instant Lottery,,0,5,100
65344312849,Red Ribbon Cash,Instant Lottery,,0,3,100
65344317200,Red Ribbon Cash $3,Instant Lottery,,0,3,100
65344316148,Red Ribbon Cash $3,Instant Lottery,,0,3,100
65344311782,Red/White/Blue $2,Instant Lottery,,0,2,100
65344313901,Rockin BINGO,Instant Lottery,,0,10,100
65344317197,Roulette $5,Instant Lottery,,0,5,100
65344327623,Royal Riches $30,Instant Lottery,,0,30,100
65344312844,Ruby Red 7,Instant Lottery,,0,5,100
65344316158,Ruby Red 7s $5,Instant Lottery,,0,5,100
65344327654,SAPPHIRE 10S 10DOL,Instant Lottery,,0,10,100
65344327379,SAVE THE TATAS,Instant Lottery,,0,3,100
65344327581,SNOW CASH,Instant Lottery,,0,2,100
65344312852,Scaredy Cash,Instant Lottery,,0,2,100
65344311759,Scrabble $3,Instant Lottery,,0,3,100
65344312862,Seasons Winnings,Instant Lottery,,0,5,100
65344314981,Sizzlin 7s,Instant Lottery,,0,5,100
65344327505,Sizzling Cash Blowout,Instant Lottery,,0,10,100
65344316156,Slingo Gold $3,Instant Lottery,,0,3,100
65344315102,Slot of Luck,Instant Lottery,,0,2,100
65344316176,Snowflakes $2,Instant Lottery,,0,2,100
65344315108,Sparkling 7S,Instant Lottery,,0,1,100
65344316185,Special Olympics,Instant Lottery,,0,3,100
65344318258,Special olympics 3,Instant Lottery,,0,3,100
65344310758,Spring Spectacular $20,Instant Lottery,,0,20,100
65344314950,Summer Cash,Instant Lottery,,0,1,100
65344327321,Super 7,Instant Lottery,,0,3,100
65344327609,Super 7s,Instant Lottery,,0,3,100
05344327609,Super 7s,Instant Lottery,,0,3,100
65344327612,Super Cash Blowout,Instant Lottery,,0,5,100
65344311762,Tax Refund $5,Instant Lottery,,0,5,100
65344311741,The Color Of Money $10,Instant Lottery,,0,10,100
65344313909,The Good Life $30.00,Instant Lottery,,0,30,100
65344315991,The MS Project,Instant Lottery,,0,5,100
65344312840,Ticket for the Cure,Instant Lottery,,0,3,100
65344314969,Ticket for the Cure,Instant Lottery,,0,2,100
65344317214,Ticket for the Cure,Instant Lottery,,0,3,100
65344327484,Ticket for the Cure $3,Instant Lottery,,0,3,100
65344316154,Towering 10s $10,Instant Lottery,,0,10,100
65344327456,Triple Payout,Instant Lottery,,0,1,100
65344318247,Triple Play $2,Instant Lottery,,0,2,100
65344314946,Triple Win,Instant Lottery,,0,2,100
65344314968,Turkey Tripler,Instant Lottery,,0,2,100
65344317213,Turkey Tripler,Instant Lottery,,0,2,100
65344327567,UNO,Instant Lottery,,0,3,100
65344312842,Vacation Cash,Instant Lottery,,0,1,100
65344315993,Vegas,Instant Lottery,,0,5,100
65344312857,Veterans Cash,Instant Lottery,,0,2,100
65344327586,WINTER WINFALL $10,Instant Lottery,,0,10,100
65344316177,WPT Texas HoldEm $5,Instant Lottery,,0,5,100
65344315115,Walking Dead,Instant Lottery,,0,2,100
65344316155,Wheel of Fortune $5,Instant Lottery,,0,5,100
65344315104,Wild 10s,Instant Lottery,,0,10,100
65344327631,Winter Bonus Blowout $ 10,Instant Lottery,,0,10,100
65344327630,Winter wonders $3,Instant Lottery,,0,3,100
65344327399,b;lackjack,Instant Lottery,,0,1,100
65344327403,bankroll,Instant Lottery,,0,20,100
65344327420,"big ,money",Instant Lottery,,0,2,100
65344327388,big blizzard blowout,Instant Lottery,,0,10,100
65344327487,big blowout,Instant Lottery,,0,10,100
65344327565,big bonus,Instant Lottery,,0,10,100
65344327417,bingo,Instant Lottery,,0,5,100
65344327556,blow out 20,Instant Lottery,,0,20,100
65344327415,bouns 7-11-21,Instant Lottery,,0,2,100
65344327489,break the break,Instant Lottery,,0,5,100
65344327500,cash,Instant Lottery,,0,5,100
65344327387,cash king,Instant Lottery,,0,5,100
65344327464,cash to go,Instant Lottery,,0,2,100
65344327570,cashfall,Instant Lottery,,0,20,100
65344327434,clear 500s,Instant Lottery,,0,5,100
65344327440,cold cash blowout,Instant Lottery,,0,10,100
65344327419,crossword,Instant Lottery,,0,3,100
65344327418,crossword $5,Instant Lottery,,0,5,100
65344327587,crossword ten$,Instant Lottery,,0,10,100
65344327455,diamond pay out,Instant Lottery,,0,20,100
65344327424,diamonds,Instant Lottery,,0,10,100
65344327409,dimond gold,Instant Lottery,,0,2,100
65344327474,double triple,Instant Lottery,,0,10,100
65344327452,eletric 8s,Instant Lottery,,0,2,100
65344327441,extra loose change,Instant Lottery,,0,1,100
65344327411,extreme cash 250000,Instant Lottery,,0,5,100
65344327413,extremkre,Instant Lottery,,0,20,100
65344327449,fast doubler,Instant Lottery,,0,2,100
65344327579,gold,Instant Lottery,,0,10,100
65344327450,gold mine,Instant Lottery,,0,3,100
65344327428,gold play,Instant Lottery,,0,10,100
65344327402,golden ticket,Instant Lottery,,0,10,100
65344327435,holiday bonus,Instant Lottery,,0,10,100
65344327432,holiday cash,Instant Lottery,,0,1,100
65344327433,holiday fun,Instant Lottery,,0,2,100
65344327460,illni jackk pot,Instant Lottery,,0,2,100
65344327462,illni jackpot,Instant Lottery,,0,10,100
65344327461,illni jackpot,Instant Lottery,,0,5,100
65344327459,illni jackpot,Instant Lottery,,0,1,100
65344327397,it takes 2,Instant Lottery,,0,2,100
65344327472,loose change,Instant Lottery,,0,1,100
65344327414,loose change,Instant Lottery,,0,1,100
65344327389,loose change,Instant Lottery,,0,1,100
65344327517,lose change,Instant Lottery,,0,1,100
65344327597,lucky fortune,Instant Lottery,,0,3,100
65344327400,lucky me,Instant Lottery,,0,2,100
65344327518,lucky seven,Instant Lottery,,0,5,100
65344327458,masive blowout,Instant Lottery,,0,10,100
65344327436,merry multiplier,Instant Lottery,,0,20,100
65344327408,million $$  match,Instant Lottery,,0,30,100
65344327425,million dollar mrga,Instant Lottery,,0,20,100
65344327406,money multiplier,Instant Lottery,,0,5,100
65344327547,monoploy,Instant Lottery,,0,5,100
65344327546,monopoly 10x,Instant Lottery,,0,2,100
65344327502,nothing but caash,Instant Lottery,,0,20,100
65344327398,path to riches,Instant Lottery,,0,3,100
65344327439,pepermint payout,Instant Lottery,,0,3,100
65344327539,peppermint,Instant Lottery,,0,3,100
65344327486,peppermint payout,Instant Lottery,,0,3,100
65344327386,peppermint payout,Instant Lottery,,0,3,100
65344313893,pnk Cash spectacular,Instant Lottery,,0,10,100
65344327473,pric is right,Instant Lottery,,0,5,100
65344327422,pyramid of gold,Instant Lottery,,0,10,100
65344327569,red hot,Instant Lottery,,0,10,100
65344327407,red hot blowout,Instant Lottery,,0,10,100
65344327437,save the boobies,Instant Lottery,,0,3,100
65344327427,silver play,Instant Lottery,,0,5,100
65344327471,stacks of cash,Instant Lottery,,0,20,100
65344327573,super bouns,Instant Lottery,,0,30,100
65344327499,takes 2,Instant Lottery,,0,2,100
65344327488,tic tac tripler,Instant Lottery,,0,1,100
65344327405,triple win,Instant Lottery,,0,2,100
65344327577,two million,Instant Lottery,,0,20,100
65344327578,ult 7,Instant Lottery,,0,5,100
65344327370,win big,Instant Lottery,,0,20,100
65344327421,win it all,Instant Lottery,,0,5,100
65344327538,winter riches,Instant Lottery,,0,2,100
65344327438,winter win all,Instant Lottery,,0,2,100
65344327485,winter winnings,Instant Lottery,,0,2,100
65344327540,winterblowout,Instant Lottery,,0,10,100
65344327557,yellow bitch,Instant Lottery,,0,2,100
08835213394,100 proof rebel,Liquor,,0,21.99,100
08800404332,101 banana 100ml,Liquor,,0,1.99,100
08800404448,101 pineapple,Liquor,,0,1.09,100
08559214248,360 Geogia Peach,Liquor,,0,1.19,100
08559215715,360 Watermelon,Liquor,,0,12.99,100
08559214598,360 shotter,Liquor,,0,1.19,100
08559216198,360 shotter,Liquor,,0,1.19,100
08559216195,360 watermelon,Liquor,,0,12.99,100
84980600141,50ml Four Loko Dragon Breath,Liquor,,0,1.09,100
08112800508,86 PRF,Liquor,,0,24.99,100
81009579025,8pack caza azual,Liquor,,0,17.99,100
08800403965,90 Shots,Liquor,,0,0.99,100
08900011839,99 APPLES,Liquor,,0,1.09,100
08066062099,99 Bananas,Liquor,,0,1.09,100
08900099076,99 GRAPE,Liquor,,0,1.09,100
08066001070,99 PINEAPPLE,Liquor,,0,0.99,100
08900099104,99 WATERMELOn 50ml,Liquor,,0,1.09,100
68458600099,99 Wines,Liquor,,0,6.99,100
68458660702,99 Wines,Liquor,,0,6.99,100
68458660701,99 Wines,Liquor,,0,6.99,100
68458660715,99 Wines,Liquor,,0,6.99,100
68458660704,99 Wines,Liquor,,0,6.99,100
08800407068,99 flipflop,Liquor,,0,9.9,100
08800407067,99s Creamsicle 50ml,Liquor,,0,0.99,100
08800405331,99s Pink Lemonade 50ml,Liquor,,0,0.99,100
08800407066,99s Rocket Pop 50ml,Liquor,,0,0.99,100
83522900010,ABSOLUT 200,Liquor,,0,6.99,100
09674908643,ADMIRAL NELSon Coconut 750,Liquor,,0,12.99,100
08800403329,APPLE 101,Liquor,,0,1.09,100
09674908320,ARISTOCRAT1 LTR,Liquor,,0,12.99,100
83522900030,Absolut 750ml,Liquor,,0,22.99,100
01111111111,Admiral Nelson 750ml,Liquor,,0,9.99,100
09674908625,Admiral Nelson 750ml,Liquor,,0,12.99,100
09674908634,Admiral Nelson 750ml,Liquor,,0,12.99,100
08500002237,Amsterdam Vodka 750ml,Liquor,,0,13.49,100
08500001949,Amsterdam Vodka 750ml,Liquor,,0,13.49,100
09674908310,Aristocrat Vodka 1.75L,Liquor,,0,17.99,100
09674908350,Aristocrat Vodka 200ml,Liquor,,0,2.99,100
09674908360,Aristocrat Vodka 375ml,Liquor,,0,6.49,100
09674908330,Aristocrat Vodka 750ml,Liquor,,0,9.99,100
09674908371,Aristocrat Vodka 750ml,Liquor,,0,9.99,100
08048001520,BACARADI HANDLE,Liquor,,0,28.99,100
08676721006,BAILEYS IRISh,Liquor,,0,31.99,100
08500001668,BAREFOOT MASCATO 750,Liquor,,0,6.49,100
81245901462,BIRD DOG,Liquor,,0,1.99,100
08800402310,BLUE ICE 101,Liquor,,0,1.09,100
08559215718,BLUE ICE 101,Liquor,,0,1.09,100
08811095532,BUCHANANS 12 yr 750,Liquor,,0,42.99,100
08700000552,BULLEIT BOURBON 750ml,Liquor,,0,33.99,100
08048001570,Bacardi Superior 200ml,Liquor,,0,5.99,100
08048001621,Bacardi Superior 50ml,Liquor,,0,1.19,100
08048001540,Bacardi Superior 750ml,Liquor,,0,17.99,100
08048001545,Bacardi Superior 750ml,Liquor,,0,17.99,100
08484840230,Bankers Club Gin 750ml,Liquor,,0,8.99,100
08484850350,Bankers Club Vodka 200ml,Liquor,,0,2.99,100
08484850390,Bankers Club Vodka 375ml,Liquor,,0,5.99,100
08484850330,Bankers Club Vodka 750ml,Liquor,,0,7.99,100
08484824130,Bankers Club Whiskey 750ml,Liquor,,0,9.49,100
08484860830,Bankers Gold Rum 750ml,Liquor,,0,9.99,100
01834175101,Barefoot Cab Sauvignon 750ml,Liquor,,0,6.49,100
01834175105,Barefoot Chardonnay 750,Liquor,,0,6.49,100
01834175110,Barefoot Merlot 750,Liquor,,0,6.49,100
08500001444,Barefoot Pinot Grigio 750,Liquor,,0,6.49,100
08981972033,Beringer MandV 750ml,Liquor,,0,5.99,100
08981976009,Beringer MandV 750ml,Liquor,,0,5.99,100
08981906824,Beringer MandV 750ml,Liquor,,0,5.99,100
08981906822,Beringer MandV 750ml,Liquor,,0,5.99,100
08981953695,Beringer MandV 750ml,Liquor,,0,5.99,100
08981909029,Beringer MandV 750ml,Liquor,,0,5.99,100
08105459440,BrookFoxChardonney,Liquor,,0,9.99,100
81153801616,Bushmills 750,Liquor,,0,21.99,100
08800408230,Buzzballs Bent Banana,Liquor,,0,2.49,100
08200075910,CAPT MORGAN 1.75,Liquor,,0,34.99,100
08700020115,CAPT MORGAN 1.75L,Liquor,,0,27.99,100
08800414469,CINNAMON WHS,Liquor,,0,18.29,100
08807616186,CIROC VODKA 750ml,Liquor,,0,42.99,100
08800400550,COLONEL TAYLOR 750,Liquor,,0,59.99,100
72105900068,CORUBA DARK RUM,Liquor,,0,25.99,100
08700000273,CPTN Morgan 200ml,Liquor,,0,5.99,100
08700000277,CPTN Morgan 375ml,Liquor,,0,10.99,100
08700000271,CPTN Morgan 750ml,Liquor,,0,19.99,100
08700000727,CROWN ROYAL 200,Liquor,,0,9.99,100
08200077155,CROWN ROYAL APPLE PINT,Liquor,,0,13.99,100
08130800414,CUPCAKE ROSE,Liquor,,0,9.99,100
08500000882,Camarena Teq 50ml,Liquor,,0,1.99,100
08068682105,Canadian Club 750,Liquor,,0,12.99,100
08484830130,Canadian Gold Whiskey 750ml,Liquor,,0,9.99,100
08800404827,Canadian Mist 1.75,Liquor,,0,18.99,100
09674948750,Canadian Superior 200ml,Liquor,,0,3.49,100
09674948760,Canadian Superior 375ml,Liquor,,0,4.99,100
09674948730,Canadian Superior 750ml,Liquor,,0,9.99,100
08700000314,Captain Morgan 50ml,Liquor,,0,1.49,100
08200080275,"CaptonMorgon, Sliced 5 pack",Liquor,,0,14.99,100
08048017202,Casadores BLANCO TEQUILA,Liquor,,0,24.99,100
08603681567,Christian Brothers 375ml,Liquor,,0,8.49,100
08603681559,Christian Brothers BRANDY 750,Liquor,,0,15.99,100
08603620560,Christian Brothers Eggnog 750ml,Liquor,,0,8.99,100
09674900584,Christian brothers 375ml,Liquor,,0,9.09,100
08380404721,Cooks Brut 750ml,Liquor,,0,7.99,100
08200080724,Crown 750 ML,Liquor,,0,34.99,100
08200077154,Crown Apple 200ml,Liquor,,0,8.89,100
08700000760,Crown Royal 375ml,Liquor,,0,14.99,100
08700000725,Crown Royal 750ml,Liquor,,0,34.99,100
08200077156,Crown Royal Apple 750ml,Liquor,,0,34.99,100
08200078955,Crown Royal Blackberry 750,Liquor,,0,34.99,100
08200077659,Crown Royal Vanilla 750,Liquor,,0,34.99,100
81153801092,Cuervo Gold 200ml,Liquor,,0,6.49,100
81153801083,Cuervo Gold 750ml,Liquor,,0,23.99,100
08130800133,Cupcake Moscato DiAsti 750ml,Liquor,,0,12.49,100
08130801446,Cupcake citrus kissed,Liquor,,0,9.99,100
81675102123,Cutwater Tequila Margarita,Liquor,,0,13.29,100
07480691896,DAILYS RASP MOJITO,Liquor,,0,2.59,100
85606500200,DEEP EDDY VODKA SWEET TEA 750,Liquor,,0,21.99,100
67454500000,DON JULIO TEAUILA BLANCO 750,Liquor,,0,54.99,100
85002832436,DOUGH BA;LL,Liquor,,0,1.09,100
07480618639,Dailys Cocktails bsham mama,Liquor,,0,2.59,100
07480618410,Daily’s Margarita,Liquor,,0,2.59,100
07480618420,Daily’s Strawberry Daiquiri,Liquor,,0,2.59,100
07480618440,Daily’s pins colada,Liquor,,0,2.59,100
85606500207,Deep Eddy Shots,Liquor,,0,0.99,100
08048023002,Dewars WHITE LABEL 750,Liquor,,0,29.99,100
05003701450,Dissarono 750,Liquor,,0,32.99,100
63848900037,DogFish,Liquor,,0,16.99,100
85004659011,"Dough Ball, Birthday",Liquor,,0,1.19,100
08800400549,E.H Taylor Small Batch 750ml,Liquor,,0,59.99,100
08800402391,EIGHTEEN 67 CANADIAN WHISKY 750,Liquor,,0,15.99,100
74460706820,El Jimador Silver 750,Liquor,,0,34.99,100
09674902154,Evan Williams 200ml,Liquor,,0,4.49,100
09674902134,Evan Williams 750ml,Liquor,,0,15.99,100
08800414467,FIREBALL CINNAMON WHISKY 1LTR,Liquor,,0,21.99,100
08105459427,FOX BROOK PINOT GRIGIO,Liquor,,0,6.99,100
08112877418,Finlandia 50ml,Liquor,,0,0.99,100
08800402049,"FireBall,10Pack",Liquor,,0,9.9,100
08800400937,Fireball 100ml,Liquor,,0,1.99,100
08800414472,Fireball 375ml,Liquor,,0,7.99,100
08800414470,Fireball 50ml,Liquor,,0,0.99,100
08800414668,Fireball 750ml,Liquor,,0,20.99,100
08800400928,Fireball CINNAMON 1.75L,Liquor,,0,25.99,100
08800404747,Fireball Keg 5.25 Liters,Liquor,,0,79.99,100
08105459445,Fox Brook White Zin,Liquor,,0,9.99,100
08105459447,FoxBrooksMerlot,Liquor,,0,9.99,100
08312010039,Franzia Pinot Grigio 1.5L,Liquor,,0,21.99,100
08800403326,GRAPE 101,Liquor,,0,1.09,100
81017136190,Generic Item-No description,Liquor,,0,2.69,100
08366410730,Glenfiddich 12yr 1.7L,Liquor,,0,99.99,100
08860000002,Gordons Gin 750ml,Liquor,,0,13.99,100
08048098299,Grey Goose 750ml,Liquor,,0,37.99,100
08048028002,Grey Goose 750ml,Liquor,,0,29.99,100
08811015055,HENNESSY COG,Liquor,,0,49.99,100
08954014541,HW Peppermint 90PRF 375ml,Liquor,,0,7.99,100
08811015062,Hennessy 375ml,Liquor,,0,21.99,100
73604001106,HiPNOTIQ,Liquor,,0,24.99,100
08800403325,ICE 101 BANANA 50ML,Liquor,,0,1.09,100
08800403584,ICE 101 ROOT BEER 50ML,Liquor,,0,1.09,100
08800403328,ICE 101 WATERMELON 50ML,Liquor,,0,1.09,100
08800403327,Ice 101 Peach 50ml,Liquor,,0,1.09,100
08139200005,J. Roget Champaign,Liquor,,0,5.99,100
08210000096,J. Roget Champaign,Liquor,,0,5.99,100
08218400932,JACK DANIEL BLACKBERRY 200 ML,Liquor,,0,8.99,100
84024560044,JACK DANIELS STRAWBERRY 6pk,Liquor,,0,9.99,100
08308966040,JAGER 200ml,Liquor,,0,7.99,100
08308966030,JAGER DOUBLE SHOT,Liquor,,0,5.99,100
08043250018,JAMESON IRISh 1.75,Liquor,,0,49.99,100
08218400931,JD Blackberry 100ml,Liquor,,0,5.79,100
08218400903,JD Blackberry 375ml,Liquor,,0,12.99,100
08811001130,JOHNNY WALKER BLACK,Liquor,,0,42.99,100
08811002130,JOHNNY WALKER RED,Liquor,,0,30.99,100
81153801151,JOSE 1OPK,Liquor,,0,15.9,100
81153801088,JOSE 375ML,Liquor,,0,12.99,100
08218409052,Jack Daniels 200ml,Liquor,,0,8.99,100
08218409050,Jack Daniels 375ml,Liquor,,0,12.99,100
08218409051,Jack Daniels 375ml,Liquor,,0,14.99,100
08218400005,Jack Daniels 50ml,Liquor,,0,2.99,100
08218400035,Jack Daniels 50ml,Liquor,,0,2.99,100
08218409046,Jack Daniels 750ml,Liquor,,0,24.99,100
08218400033,Jack Daniels Honey 750ml,Liquor,,0,29.99,100
08218400873,Jack Daniels blackberry 750 ML,Liquor,,0,29.99,100
08308966015,Jager 1LTR,Liquor,,0,29.99,100
08308966035,Jager 375ML,Liquor,,0,14.99,100
08308966010,Jager 50ml,Liquor,,0,2.59,100
08308952400,Jager 750ml,Liquor,,0,23.99,100
08308966001,Jager 750ml,Liquor,,0,23.99,100
08308900014,Jager Cold Brew 50ML,Liquor,,0,2.99,100
08043250017,Jamerson 750ml,Liquor,,0,24.99,100
08068600170,Jim Beam 200ml,Liquor,,0,6.49,100
08068600160,Jim Beam 375ml,Liquor,,0,12.99,100
08068600190,Jim Beam 50ml,Liquor,,0,1.79,100
08068600140,Jim Beam 750ml,Liquor,,0,19.99,100
08068600143,Jim Beam 750ml,Liquor,,0,19.99,100
08068600101,Jim Beam Red Stag 50ml,Liquor,,0,1.79,100
08068601924,"JimBeam, Can",Liquor,,0,1.99,100
81153801141,Jose Clear 375ML,Liquor,,0,12.99,100
81153801085,Jose Clear 750ML,Liquor,,0,23.99,100
81153801094,Jose Cuervo 50ml,Liquor,,0,1.59,100
81153801096,Jose Cuervo Golden Margarita 1.75L,Liquor,,0,22.99,100
81153801091,Jose Cuervo sliver 375,Liquor,,0,12.99,100
08515651541,KETEL ONE VOdka,Liquor,,0,29.99,100
85004759178,Killr,Liquor,,0,1.19,100
08800408273,Love bug vanilla cream 120,Liquor,,0,1.99,100
08800408275,Lovebug cherries cream 12oz,Liquor,,0,1.99,100
08800408278,Lovebug cola and cream @2 oz,Liquor,,0,1.99,100
08800408277,Lovebug peaches n cream 12oz,Liquor,,0,1.99,100
08590435440,M/D 2020,Liquor,,0,6.99,100
08524613943,MAKERS MARK 750,Liquor,,0,39.99,100
89127800251,MONACO PURPLE COGNAC RUSH,Liquor,,0,3.19,100
08800405384,MR. BOSTON SCHNAPPS PEPPERMINT 750,Liquor,,0,6.49,100
08954044903,Malibu 375ml,Liquor,,0,8.49,100
08954045392,Malibu 50ml,Liquor,,0,1.99,100
08954044899,Malibu Coconot 750ml,Liquor,,0,16.99,100
08602400787,"Margaritavilla, Silver Teq",Liquor,,0,1.99,100
08602400784,Margaritaville SILVER 750,Liquor,,0,12.99,100
08043240081,Martell Cognac 750ml,Liquor,,0,32.99,100
08559216874,McCormick American whiskey 750,Liquor,,0,9.99,100
08559210451,McCormick Vodka 1.75L,Liquor,,0,17.99,100
08559210457,McCormick Vodka 200ml,Liquor,,0,4.49,100
08559210456,McCormick Vodka 375ml,Liquor,,0,6.49,100
08559210454,McCormick Vodka 750ml,Liquor,,0,12.49,100
08559211864,McCormick Vodka 750ml,Liquor,,0,12.49,100
09998807141,Menage a Trois Red 750ml,Liquor,,0,11.99,100
09998807109,Menage a Trois Red 750ml,Liquor,,0,11.99,100
63598500064,Mike harder blue raspberry,Liquor,,0,1.99,100
63598524583,Mikes 24 oz,Liquor,,0,2.99,100
89127800245,Monaco,Liquor,,0,3.19,100
89127800353,Monaco,Liquor,,0,3.19,100
89127800237,Monaco,Liquor,,0,3.19,100
89127800321,Monoco sun rush,Liquor,,0,3.19,100
08105410444,Mont Pellier,Liquor,,0,9.99,100
08066057586,Montezuma Tequila 750ml,Liquor,,0,14.99,100
08800401042,Nikolai 1.75L,Liquor,,0,13.99,100
08800401047,Nikolai 200ml,Liquor,,0,2.49,100
08800401046,Nikolai 375ml,Liquor,,0,3.99,100
08800402142,Nikolai 50ml,Liquor,,0,0.99,100
08800401184,Nikolai 750ml,Liquor,,0,7.99,100
08066039108,Northern Lights 200ml,Liquor,,0,3.49,100
08800403710,PARROT BAY PINEAPPLE 750,Liquor,,0,12.99,100
08800403657,PARROT BAY RUM COCONUT 750ML,Liquor,,0,12.99,100
72173300002,PATRON SILVER 750,Liquor,,0,49.99,100
08800404577,PAUL MASSON GRANDE 750ML,Liquor,,0,14.99,100
86000297200,PICKLE MY DICKLE,Liquor,,0,7.99,100
86000297204,PICKLE SHOT,Liquor,,0,1.99,100
86000297201,PICKLE SHOT,Liquor,,0,1.99,100
08800401278,Platinum 7X,Liquor,,0,1.09,100
08800401274,Platinum Vodla 750,Liquor,,0,9.99,100
08800403618,Popov Vodka 750,Liquor,,0,9.99,100
85831500402,REVOLUTION RIBEYE LITER,Liquor,,0,9.79,100
85609800841,RailVodka 1.75LT,Liquor,,0,13.99,100
08800400035,RandR CANADIAN WHS 750,Liquor,,0,12.99,100
68458620408,Rare Red Wine 750ml,Liquor,,0,9.99,100
68458620409,Rare White Wine 750ml,Liquor,,0,9.99,100
85135900511,Red Eye Cherry 375ml,Liquor,,0,9.99,100
85135900504,Red Eye Hot 375ml,Liquor,,0,9.99,100
85135900509,Red Eye Lemonade 375ml,Liquor,,0,9.99,100
08115907553,Red Eye Moonshine 375ml,Liquor,,0,9.99,100
85135900502,Red Eye Pie 375ml,Liquor,,0,9.99,100
08723600116,Remy Martin VSOP 750,Liquor,,0,59.99,100
08600309193,Robert Mondavi PS,Liquor,,0,8.99,100
08600300269,Robert Mondavi PS,Liquor,,0,8.99,100
89035500102,RumChata 750ml,Liquor,,0,19.99,100
72105901750,SKYY VODKA 1.75,Liquor,,0,23.99,100
81017136188,SL FRUIT PUNCH,Liquor,,0,2.69,100
81017136192,SL LEMON LIME,Liquor,,0,2.69,100
81017136194,SL ORANGE,Liquor,,0,2.69,100
08835213550,SMACKERS SHOT,Liquor,,0,2.09,100
08200010570,SMIRNOFF VODka 1.75,Liquor,,0,29.99,100
81017136196,SUPER LYTE VODKA+ADE,Liquor,,0,19.99,100
81017136114,SURFSIDE STRAWBERRY 19.2OZ CAN,Liquor,,0,3.99,100
61776811100,SVEDKA 100ml,Liquor,,0,2.59,100
08800407107,SVEDKA 200,Liquor,,0,3.99,100
08366486971,Sailor Jerry RUM 92PR PET,Liquor,,0,19.99,100
08366486873,Sailor Jerry Rum 1.75,Liquor,,0,37.99,100
08068683904,Sauza Silver 750ml,Liquor,,0,25.99,100
08847401820,Schmitt Sohne,Liquor,,0,10.99,100
08700000733,Seagram 7 750ml,Liquor,,0,14.99,100
08200081519,Seagrams,Liquor,,0,14.99,100
08043240123,Seagrams Gin 750ml,Liquor,,0,12.49,100
81007878115,Simply Spiked,Liquor,,0,14.99,100
72105900750,Skyy 750ml,Liquor,,0,15.99,100
72105900050,Skyy Vodka 50ml,Liquor,,0,1.79,100
08200000008,Smirnoff 200ml,Liquor,,0,4.99,100
08200000561,Smirnoff 375ml,Liquor,,0,8.99,100
08200000400,Smirnoff 50ml,Liquor,,0,1.49,100
08200000405,Smirnoff 50ml,Liquor,,0,1.49,100
08200000006,Smirnoff 750ml,Liquor,,0,15.49,100
81017136018,Surfside Lemonade 12 Pack,Liquor,,0,26.99,100
85005007137,"Surfside,GreenTea+Vodka",Liquor,,0,7.99,100
85002560554,"Surfside,IcedTea+Lemon",Liquor,,0,7.99,100
85002560521,"Surfside,IcedTeaVodka",Liquor,,0,7.99,100
85002560550,"Surfside,PeachTea+Vodka",Liquor,,0,7.99,100
85005007127,"Surfside,RaspTea+Vodka",Liquor,,0,7.99,100
61776811200,Svedka 200ml,Liquor,,0,3.99,100
61776811375,Svedka 375ml,Liquor,,0,6.99,100
61776812175,Svedka 750ml,Liquor,,0,17.99,100
61776811175,Svedka 750ml,Liquor,,0,17.99,100
61776816105,Svedka Cucumber Lime 50ml,Liquor,,0,1.79,100
08559211978,TARANTULA AZUL 70,Liquor,,0,1.09,100
85609800855,THE REAL DILL 750,Liquor,,0,11.99,100
61994700004,TITOS 1/2 PINT,Liquor,,0,6.99,100
61994700003,TITOS HANDMADE VODKA 1.75,Liquor,,0,37.99,100
08800404623,Tilted,Liquor,,0,1.19,100
08800404619,Tilted,Liquor,,0,1.19,100
61994700001,Titos 1L,Liquor,,0,32.49,100
61994700005,Titos 375ml,Liquor,,0,14.99,100
61994700006,Titos 50ml,Liquor,,0,2.49,100
61994700002,Titos Vodka 750,Liquor,,0,24.99,100
4601667001148,Tovaritch Vodka 750ml,Liquor,,0,12.49,100
08800404072,Trick or Treat Fireball,Liquor,,0,13.99,100
76642700481,Twisted Shots,Liquor,,0,5.99,100
76642700487,Twisted Shots,Liquor,,0,5.99,100
76642700344,Twisted Shots,Liquor,,0,5.99,100
76642700340,Twisted Shots,Liquor,,0,5.99,100
76642700348,Twisted Shots,Liquor,,0,5.99,100
76642700533,Twisted Shots,Liquor,,0,5.99,100
76642700529,Twisted Shots,Liquor,,0,5.99,100
08711601539,UV CAKE VODKA 750ML,Liquor,,0,12.99,100
08711601444,UV Cherry 750ml,Liquor,,0,13.99,100
08500004175,VIBE PINK LEMONADE,Liquor,,0,2.49,100
08500003579,Vibe Blue RB Lemonade,Liquor,,0,2.49,100
08500003696,Vibe margarita,Liquor,,0,2.49,100
08600382067,WB ROSE CALI 4PK,Liquor,,0,5.99,100
08600387388,WOODBRIDGE CHARD 1.5,Liquor,,0,11.99,100
08600300478,WOODBRIDGE MALEC,Liquor,,0,9.99,100
08600300165,WOODBRIDGE PINOT GRIGIO 1.5,Liquor,,0,11.99,100
85968500502,Western Son Vodka 50ml,Liquor,,0,0.99,100
85968500569,Western Son Vodka 50ml,Liquor,,0,0.99,100
08600300410,Woodbridge Wine 750ml,Liquor,,0,9.99,100
08600386186,Woodbridge Wine 750ml,Liquor,,0,9.99,100
08600300209,Woodbridge Wine 750ml,Liquor,,0,9.99,100
08600384185,Woodbridge Wine 750ml,Liquor,,0,9.99,100
08600300008,Woodbridge chard 750ml,Liquor,,0,6.49,100
08600300049,Woodbridge merlot 750ml,Liquor,,0,6.49,100
08600300164,Woodbridge pg 750ml,Liquor,,0,6.49,100
08112800150,Woodford Reserve 750,Liquor,,0,49.99,100
08835213079,YELLOWSTONE BOURBON WHISKEY,Liquor,,0,37.99,100
03125900894,YELLOWTAIL SHIRAZ,Liquor,,0,6.99,100
03125900922,Yellow Tail Merlot  750ml,Liquor,,0,6.99,100
08800403690,Yukon Jack 750 mll,Liquor,,0,21.99,100
08800403956,Yukon Jack apple 50ml,Liquor,,0,1.09,100
08484862030,Zapata Tequila 750ml,Liquor,,0,10.99,100
61600384339,Zing,Liquor,,0,7.99,100
61600374136,Zing Bloody Mary,Liquor,,0,10.99,100
09674908460,acat gin,Liquor,,0,4.99,100
08210073909,arbormist 750 ml,Liquor,,0,5.49,100
08048001560,bacardi 375ml,Liquor,,0,8.99,100
81245901493,bird dog salted carmel,Liquor,,0,1.99,100
01820020269,bud light seltzer,Liquor,,0,9.99,100
85764100204,buzz ball,Liquor,,0,2.49,100
81009579011,casa azul,Liquor,,0,9.99,100
81009579013,casa azul,Liquor,,0,9.99,100
81009579012,casa azul,Liquor,,0,9.99,100
81009579016,casa azul,Liquor,,0,9.99,100
85004659005,cinna bom,Liquor,,0,0.99,100
08200079624,crown and coke,Liquor,,0,3.49,100
08200079620,crown and peach,Liquor,,0,3.49,100
08200079622,crown apple can,Liquor,,0,3.79,100
85606500293,deep eddies gift pack 750,Liquor,,0,18.99,100
09674902164,evan williams 375ml,Liquor,,0,8.49,100
08602400799,gold tequila,Liquor,,0,0.99,100
08835213549,green smackers,Liquor,,0,1.99,100
08559211704,irish creme,Liquor,,0,12.99,100
08218400687,jack and coke,Liquor,,0,3.99,100
79675222854,jello shotz,Liquor,,0,0.99,100
79675222859,jello shotz,Liquor,,0,0.99,100
79675222858,jello shotz,Liquor,,0,0.99,100
79675222860,jello shotz,Liquor,,0,0.99,100
79675222857,jello shotz,Liquor,,0,0.99,100
08068602172,jim beam double,Liquor,,0,3.49,100
08068600102,jim beam red stag,Liquor,,0,19.99,100
08068600105,jim beam red stag 375,Liquor,,0,13.99,100
81153801087,jose pint clear,Liquor,,0,11.99,100
81153801095,jose silver,Liquor,,0,1.79,100
08800403429,margrita,Liquor,,0,1.99,100
86000847338,mom water,Liquor,,0,11.99,100
86000847336,mom water,Liquor,,0,11.99,100
86000847337,mom water,Liquor,,0,11.99,100
01820020447,nutrl,Liquor,,0,8.99,100
01820020422,nutrl,Liquor,,0,8.99,100
85000539979,popsiciles,Liquor,,0,22.49,100
85000539977,popsicle single,Liquor,,0,1.99,100
85609800837,rail vodka,Liquor,,0,8.99,100
08800403873,rams point,Liquor,,0,1.19,100
08835213393,rebel 50ml,Liquor,,0,1.09,100
08068600104,red stag .5pint,Liquor,,0,6.49,100
01820020357,red white and blue natty,Liquor,,0,8.89,100
08769201933,samuel adams,Liquor,,0,9.79,100
72081598530,segrams shot,Liquor,,0,1.99,100
86004600140,shots of jello,Liquor,,0,19.99,100
08835213545,smackers 100ml,Liquor,,0,1.99,100
08210000690,spumate,Liquor,,0,2.09,100
85002560556,surfside tea pack,Liquor,,0,19.99,100
61776811105,svedka shooters,Liquor,,0,1.29,100
08800407123,svedka vodka 375,Liquor,,0,6.99,100
08559212108,tequlia rose,Liquor,,0,0.99,100
08800404697,trick or treat bananas,Liquor,,0,14.99,100
08559214818,triple crown 50ml,Liquor,,0,0.99,100
08769201516,twisted party pak,Liquor,,0,14.99,100
08711601448,uv blue 750,Liquor,,0,12.99,100
08711601477,uv grape 750,Liquor,,0,13.99,100
85000539978,vodka pop,Liquor,,0,1.99,100
85000539975,vodka pop,Liquor,,0,1.99,100
63598580199,white claw blackberry,Liquor,,0,2.79,100
83974300222,yellow tail red blend,Liquor,,0,9.99,100
83974300127,yellow tail rose,Liquor,,0,6.99,100
08800401151,zach harris,Liquor,,0,1.99,100
61600344178,zingzang,Liquor,,0,9.99,100
85321500103,12LBFishing Line,Non-Edible,,0,6.99,100
04133341501,4pk aa,Non-Edible,,5.58,5.19,-7.5
71941078700,5HR ES CTTN CNDY 12PK,Non-Edible,,0,3.69,100
01780013483,BENEFUL ORIGINAL,Non-Edible,,0,11.69,100
03700082332,BOUNCE DRYER SHEETS,Non-Edible,,0,4.19,100
85321500104,Balsa Floats,Non-Edible,,0,4.49,100
04133342401,Battery 4pk aaa,Non-Edible,,5.58,9.29,39.9
07385400088,Bicycle Plaing Card,Non-Edible,,2.85,5.69,49.9
04770870516,Bobbers,Non-Edible,,0,2.49,100
02933302806,Braided Stringer,Non-Edible,,0,2.99,100
04460032260,CLOROX BLEACH,Non-Edible,,0,7.89,100
01780015014,Cat Chow,Non-Edible,,0,12.19,100
79255474103,Cork Screw`,Non-Edible,,0,5.49,100
85321500133,Crappie Tubes,Non-Edible,,0,1.99,100
03077208124,DAWN DISH,Non-Edible,,0,2.59,100
04133321501,DURACELL AA BATTERY 2PK,Non-Edible,,3.29,5.49,40.1
07385400106,Dice,Non-Edible,,0,4.59,100
04133322401,Duracell  2PK,Non-Edible,,0,5.29,100
04133311601,Duracell 9V1,Non-Edible,,5.78,9.69,40.4
04133321301,Duracell D2 Batt.,Non-Edible,,5.79,4.39,-31.9
30234030042,Durex Pleasure Pack,Non-Edible,,0,4.39,100
04460000889,FORMULA 409 CLEANER,Non-Edible,,0,7.29,100
05000042154,FRISKIES MIXED GRILL CAT FD,Non-Edible,,0,1.69,100
03700096256,Febreeze AirEffect Linenand,Non-Edible,,0,5.29,100
05020900015,FishingBells,Non-Edible,,0,3.49,100
01258700080,GLAD-STRONG LARGE TRASH QUICK TIE BAGS,Non-Edible,,4.1,6.89,40.5
08069295005,Gaucho Gloves,Non-Edible,,0,2.29,100
75347377732,Giant Meal Worms,Non-Edible,,0,3.99,100
85321500110,Hooks,Non-Edible,,0,2.79,100
02669177782,JunniesStickWorm,Non-Edible,,0,4.49,100
03600054266,Kleenex,Non-Edible,,0,4.99,100
85321500134,L.I. Lightning,Non-Edible,,0,3.29,100
36671597052,LIL D NYQUIL SEVERE,Non-Edible,,0,4.79,100
36671597233,LIL D PEPTO BISMOL 6PK,Non-Edible,,2.22,4.49,50.6
36671597332,LIL D TAKE2 ADVIL PM,Non-Edible,,0,3.19,100
36671597103,LIL DRUG Excedirin,Non-Edible,,0,4.49,100
31254742720,LISTERINE-COOL MINT MOUTHWASH,Non-Edible,,0,8.19,100
31284302471,MIDOL-COMPLETE CRAMPS PAIN RELIEVER,Non-Edible,,4.36,7.99,45.4
02669177775,Magic Bait,Non-Edible,,0,7.49,100
30045040920,Motrin liquid gels,Non-Edible,,0,10.29,100
07695569102,Natures Own Green Label Paper Plates,Non-Edible,,0,5.09,100
30081073088,Neosporin 0.5 oz,Non-Edible,,0,9.49,100
85321500101,Night Crawlers Worms,Non-Edible,,0,3.99,100
32390003843,NyQuil 8 caps,Non-Edible,,0,10.49,100
32390001424,Nyquil 8oz,Non-Edible,,0,16.99,100
73436603478,Odor Candles,Non-Edible,,0,11.99,100
73436603714,Odor Candles,Non-Edible,,0,11.99,100
73436601527,Odor Candles,Non-Edible,,0,11.99,100
73436603729,Odor Candles,Non-Edible,,0,11.99,100
73436603762,Odor Candles,Non-Edible,,0,11.99,100
73436603787,Odor Candles,Non-Edible,,0,11.99,100
01204400027,Old Spice Pure Sport,Non-Edible,,2.93,5.39,45.6
07003860402,PLASTIC SPN/FRK/KNF 24CT,Non-Edible,,0,2.09,100
36671597374,Pain Relief Acetaminophen,Non-Edible,,0,3.59,100
02310001004,Pedigree Chopped Beef,Non-Edible,,0,3.99,100
04129460149,Pinesol Surface Cleaner,Non-Edible,,0,7.99,100
07385400914,Playing Cards,Non-Edible,,1.74,3.49,50.1
61046604975,Pure eyes,Non-Edible,,0,2.99,100
01300000137,RELISH HEINZ SWT INV BOT,Non-Edible,,0,4.69,100
85001105901,Red Worms 30 CT,Non-Edible,,0,3.99,100
01090008031,Reynolds Wrap Foil 30sq.ft,Non-Edible,,0,5.19,100
03700012442,SECRET WIDE SLD PWDR FRSH,Non-Edible,,0,3.49,100
04770870350,Sinkers,Non-Edible,,0,2.49,100
03760011075,Skippy,Non-Edible,,0,4.79,100
02933302802,Small Stringer,Non-Edible,,0,1.99,100
05020901684,Snap Swivels,Non-Edible,,0,2.49,100
04116560010,Solo Cups,Non-Edible,,0,8.39,100
03700013875,TIDE 2X ULTRA LIQUID 16 LOAD,Non-Edible,,0,10.19,100
36671597473,TYLENOL XTRA STRENGT,Non-Edible,,0,4.19,100
30045048826,TYLENOL rapid  gelcap 24,Non-Edible,,4.04,7.39,45.3
07301021409,Tampax Regular,Non-Edible,,2.84,5.19,45.3
07301037908,"Tampax, 18ct",Non-Edible,,10.39,10.49,1
07301031409,Tampon Super green,Non-Edible,,2.85,5.19,45.1
07023010710,Tiday Cats Litter 10 lb,Non-Edible,,0,6.19,100
03700090391,Tide Simply Clean,Non-Edible,,3.2,5.39,40.6
30766074535,Tums Ultra 1000 Peppermin,Non-Edible,,0,1.49,100
07432140150,USB cable,Non-Edible,,0,12.99,100
07432149981,USB cable C,Non-Edible,,0,12.99,100
31254749380,VISINE RED EYE COMFORT,Non-Edible,,6.29,11.49,45.3
30521231100,Vaseline Petroleum Jelly 1.75 oz,Non-Edible,,3.16,5.79,45.4
32390000361,Vicks VapoRub 1.76 oz,Non-Edible,,0,10.89,100
85321500102,Wax Worms,Non-Edible,,0,3.99,100
05020902289,WeightsPack,Non-Edible,,0,4.99,100
07682804843,Wet Ones Antibacterial Hand Wipes Fresh,Non-Edible,,1.51,2.79,45.9
85321500119,crank bait,Non-Edible,,0,5.99,100
75004500018,ice melt,Non-Edible,,0,8.99,100
72735130008,paper towel,Non-Edible,,0,1.09,100
84603600156,peroxide,Non-Edible,,0,2.29,100
61379612230,toilet paper,Non-Edible,,1.92,3.19,39.8
60069900328,12oz Jet-Puffed,Snacks,,0,1.81,100
01600016749,2.7Gardettos Italian Cheese Blend 5.5oz,Snacks,,0,4.79,100
71941050001,5 Hour Energy Berry,Snacks,,0,3.69,100
71941078600,5 Hour Energy Berry,Snacks,,0,3.69,100
71941070001,5 Hour Energy Extra,Snacks,,0,3.99,100
71941075001,5 Hour Energy Extra,Snacks,,0,3.99,100
71941076001,5 Hour Energy Extra,Snacks,,0,3.99,100
71941072001,5 Hour Energy Grape Extra,Snacks,,0,3.99,100
71941073001,5 Hour Energy Sour Apple Extra,Snacks,,0,3.99,100
07339000913,AIRHEAD EXTREME SOUR BITES,Snacks,,1.81,3.09,41.4
63441852348,ALBANESE GUMMI BEARS,Snacks,,1.8,2.49,27.7
63441852350,ALBANESE GUMMI WORMS,Snacks,,1.8,2.49,27.7
02620047190,ANDY CAP HOT Onion Rings,Snacks,,0,1.79,100
02620047135,ANDY CAPP BBQ FRIES,Snacks,,0,1.79,100
07615023248,Act II Butter Lovers Popcorn,Snacks,,0,1.19,100
07615023223,Act II Butter Popcorn,Snacks,,0,1.19,100
02620047158,Andy Capps Cheddar,Snacks,,0,1.79,100
02620047159,Andy Capps Hot Fries,Snacks,,0.96,1.79,46.4
07064002052,B B I/C BIG SNDWCH BOPPER,Snacks,,2.07,4.19,50.6
78843410808,B-Day One Bar,Snacks,,1.87,3.49,46.4
07064002539,B.B. LOADD SUNDAE CHOC,Snacks,,1.71,3.49,51
07064002542,B.B. LOADD SUNDAE STRAW,Snacks,,1.71,3.49,51
09990080100,BABY RUTH,Snacks,,1.96,2.79,29.7
85000042926,BAREBELLS BAR CHOCOLATE,Snacks,,2.07,3.79,45.4
07064001566,BB CHOC BROWNIE LOADED SUNDAY,Snacks,,0,5.49,100
07064000247,BB Choc Eclair Bar,Snacks,,1.46,2.29,36.2
07064031085,BB CookiesN Cream Sandwich,Snacks,,0,2.29,100
07064000249,BB Strawberry Shortcake Bar,Snacks,,0,2.29,100
02840075814,BBQ Dorito Links,Snacks,,0,8.99,100
03800018369,BBQ PRINGLES,Snacks,,1.2,2.19,45.2
02840075815,BBQ Stick,Snacks,,0,2.69,100
04400008019,BIG CHIPS AHOY CHEWY BRO,Snacks,,1.39,2.59,46.3
81601201076,BIGS OLD BAY,Snacks,,0,3.39,100
81601201387,BIGS SNFLWR SDS FIRE,Snacks,,0,3.39,100
81601201099,BIGS SPCY DILL PKL SNFLW,Snacks,,0,3.39,100
07064001557,BL BNY CARM PECN SUNDAE,Snacks,,0,5.49,100
07064001560,BLUE BUNNY STRAWBERRY SUNDAE,Snacks,,0,4.29,100
04157005512,BLUE DIA HAB BBQ ALMONDS,Snacks,,0,1.89,100
04157009475,BLUE DIAMOND ALMONDS BLUEBERRY,Snacks,,1.01,1.89,46.6
04157005230,BLUE DIAMOND BOLD-ALMONDS WASABI and SOY,Snacks,,0,1.89,100
03575111106,BON APP APPLE TURNOVER,Snacks,,1.87,3.19,41.4
03575111114,BON APP BLUBRY CRM DNSH,Snacks,,1.87,3.19,41.4
03575111836,BON APPETIT B-BERRY CHSE,Snacks,,1.87,3.19,41.4
03575111109,BON APPETIT CHEESEandBERRY,Snacks,,1.87,3.19,41.4
03575111834,BON APPETIT STRAW-CHSE D,Snacks,,1.87,3.19,41.4
01600051258,BUGLES RANCH,Snacks,,1.88,3.49,46.1
01600022563,BUGLES TABASCO,Snacks,,0,3.49,100
02840070563,Bakenets hot and spicy,Snacks,,0,2.99,100
03575111425,Banana Bread,Snacks,,0,3.19,100
02430080568,Banana pudding,Snacks,,0,0.99,100
85005410854,Barebell CC,Snacks,,2.07,3.99,48.1
04400000379,Barnums Animal Crackers Box,Snacks,,0,2.49,100
07084230200,Beer Nuts Cashews Swt/Slty 4 oz,Snacks,,0,3.79,100
07084230100,Beer Nuts Peanuts Swt/Slty 5.4 oz,Snacks,,0,5.65,100
04400002828,BelVita Blueberry Biscuits,Snacks,,0,1.79,100
04400003193,Belvita Cin/Brn Sugar,Snacks,,0,1.79,100
04400008015,Big Chewy,Snacks,,1.39,2.59,46.3
02620039290,Big Mama Sausage,Snacks,,0,2.59,100
07064031050,Big Mississippi Mud Ice Cream Sandwich,Snacks,,0,2.29,100
03800026448,Big Rice Treat,Snacks,,0,2.19,100
89688700222,Bigs Red Hot Buffalo Wing Sunflower Seed,Snacks,,0,3.39,100
89688700221,Bigs Sunflower seed Sizzlin Bacon,Snacks,,0,3.39,100
89688700220,Bigs Sunflower seeds Dill Pickle,Snacks,,1.87,3.39,44.8
02840070561,Blakeney regular,Snacks,,0,2.99,100
07064031060,Blue Bunny Big Vanilla Sandwich,Snacks,,1.03,1.79,42.5
04157005179,Blue Diamond Almond Smokehouse,Snacks,,0,1.89,100
04157005180,Blue Diamond Almonds Roasted/Salted,Snacks,,0,1.89,100
04157005576,Blue Diamond Almonds Salt/Vinegar 1.5 oz,Snacks,,0,1.89,100
07064001379,Bomb Pop Original,Snacks,,1.16,2.39,51.5
04142000153,Boston Beans,Snacks,,0,0.49,100
01600013609,Bugels CTC,Snacks,,0,3.49,100
01600051379,Bugles Nacho Cheese 3oz,Snacks,,0,3.49,100
01600036830,Bugles Original,Snacks,,1.88,3.49,46.1
01600050425,Bugles Sweet/Salty Caramel,Snacks,,0,4.89,100
01600022856,Bugles salt vinegar,Snacks,,1.88,3.49,46.1
02560600059,CEDAR CREEK CARAMEL 9.5O,Snacks,,2.18,3.69,40.9
02560619917,CEDAR CREEK CHEDDAR CHEES,Snacks,,0,3.69,100
02560600047,CEDAR CREEK WHITE CHEDDAR,Snacks,,0,3.69,100
02560600012,CEDARCREEK TOFFE,Snacks,,2.18,3.69,40.9
04624715555,CHEESE CHEDDAR 2/OZ CHSE,Snacks,,1.12,1.89,40.7
04624718888,CHEESE PEP-JACK 2/OZ CHS,Snacks,,1.12,1.89,40.7
02410020421,CHEEZ IT CHEDDAR JACK,Snacks,,0,4.09,100
02410020411,CHEEZ-IT ORIG. 7OZ,Snacks,,2.62,4.09,35.9
02410011462,CHEEZ-IT SNAPD CHED SOUr cream,Snacks,,0,3.19,100
02840076721,CHESTERS POTATO CRISPS H,Snacks,,0,2.99,100
02840073451,CHESTERS RANCH FRIES,Snacks,,0,2.99,100
02840076212,CHESTERS TNGY CAROLNA BB,Snacks,,0,2.99,100
01600021492,CHEX MIX HONEY BBQ,Snacks,,3.29,4.99,34.1
01600011855,CHEX MIX MINTnCHOC MUDDY,Snacks,,0,4.89,100
01600020549,CHEX MIX REMIX CHEESY PI,Snacks,,2.5,4.59,45.5
01600020552,CHEX MIX ZESTY TACOZ,Snacks,,3.23,4.99,35.3
04400004314,CHIPS AHOY 4 COOKIES,Snacks,,0,0.99,100
72225216109,CLIF BAR 2.4oz,Snacks,,0,2.59,100
72225210090,CLIF-CHOCOLATE CHIP ENERGY BAR,Snacks,,1.39,2.59,46.3
72225210120,CLIF-CRUNCHY PEANUT BUTTER ENERGY BAR,Snacks,,0,2.59,100
04000058493,COMBOS NACHO CHEESE BP 6.3OZ,Snacks,,2.38,3.39,29.8
04141978193,COMBOS RANCH DIP 6.3OZ,Snacks,,2.38,3.39,29.8
02840007103,CREAMY SPINACH DIP,Snacks,,0,7.99,100
63236538144,CandyNeckless,Snacks,,0,0.59,100
07172000001,Carmal Apple Suckers,Snacks,,0,0.39,100
02410020362,Chees-It Cheddar Jack 3 oz,Snacks,,0,2.29,100
03575111113,Cheese Croissant,Snacks,,1.87,3.19,41.4
02840077749,Cheetos Flamin Hot Fiery Skulls,Snacks,,0,2.69,100
02840070008,Cheetos mini Cans,Snacks,,0,3.59,100
02840076926,Cheetos puff,Snacks,,0,2.69,100
02840058989,"Cheetos, Flamin Hot",Snacks,,0,5.49,100
02840076891,CheetosCrunchy,Snacks,,0,2.69,100
02410031534,Cheez-IT White Cheader 3oz,Snacks,,0,2.29,100
02410022642,Cheez-IT4.5oz Box,Snacks,,0,2.89,100
02410057730,Cheez-It Duoz Ched/Parm,Snacks,,0,3.19,100
02410019134,Cheez-It original 3z,Snacks,,1.22,2.29,46.7
02410012261,Cheez-it 1.5 oz,Snacks,,0,1.19,100
02410092841,Cheez-it Douz Jack swiss,Snacks,,0,3.19,100
02410010345,Cheez-it Grooves Sharp White Cheddar,Snacks,,1.72,3.19,46.1
02410010344,Cheez-it Grooves Zesty Cheddar Ranch,Snacks,,0,3.19,100
02410037277,Cheez-it Hotand Spicy,Snacks,,1.22,2.29,46.7
02410012660,Cheez-it White Cheddar 1.5 oz,Snacks,,0,1.19,100
02410012320,Cheez-it extra crunchy,Snacks,,0,2.29,100
02840070569,Chesters FLAMIN hot fries,Snacks,,0,2.99,100
02840070574,Chesters hot puffcorn,Snacks,,0,2.99,100
02840076929,"Chesters,FlammingHotFries",Snacks,,0,2.69,100
01600021489,Chex Mix Bold,Snacks,,3.23,4.99,35.3
01600021494,Chex Mix Cheddar,Snacks,,2.09,3.89,46.3
01600021553,Chex Mix Cheddar,Snacks,,3.23,4.99,35.3
01600016891,Chex Mix Chocolate Turtle 4.5 oz,Snacks,,0,4.89,100
01600050704,Chex Mix Cookiesand Crem,Snacks,,2.65,4.89,45.8
01600050732,Chex Mix Muddy Buddies,Snacks,,2.65,4.89,45.8
01600021948,Chex Mix White Cheddar,Snacks,,3.23,4.99,35.3
01600021556,Chex mix bold,Snacks,,3.23,4.99,35.3
01600021555,Chex mix cheddar,Snacks,,3.23,4.99,35.3
01600021497,ChexMix Savory,Snacks,,3.23,4.99,35.3
02410057382,Chhez-It Pepper Jack 3oz,Snacks,,0,2.29,100
04400002954,Chips Ahoy Chunk,Snacks,,0,2.79,100
03800009456,Cocoa Krispies,Snacks,,0,2.39,100
04141942011,Combos Buffalo Blue Cheese Pretzel,Snacks,,0,3.39,100
04141942007,Combos Cheddar Cheese Crackers,Snacks,,0,3.39,100
04141942005,Combos Cheddar Cheese Prtzl 6.30,Snacks,,2.38,3.39,29.8
04141942008,Combos Pepperoni Pizza Cracker,Snacks,,0,3.39,100
04141942006,Combos Pizzaria Pretezl,Snacks,,2.38,3.39,29.8
03575111700,Concha,Snacks,,0,3.19,100
07115907824,Corn Nuts BBQ 4 oz,Snacks,,0,1.99,100
07115907819,Corn Nuts Original  4 oz,Snacks,,0,1.99,100
07115907311,Corn Nuts Ranch 4 oz,Snacks,,1.07,1.99,46.2
03575111432,Cream Cheese Cake,Snacks,,0,3.19,100
07066203003,Cup Noodles Chicken,Snacks,,0,1.79,100
02840070001,DORITOS NACHO CHEESE MIN,Snacks,,0,3.59,100
02840051667,DORITOS SPICY CHILI,Snacks,,0,5.49,100
85571200800,DOTS 5oz,Snacks,,0,4.99,100
01566580148,DOTS PRETZEL BUFFALO,Snacks,,0,4.99,100
85003171995,DOTS PRETZELS BBQ,Snacks,,0,4.99,100
85003171972,DOTS PRETZELS PARMESAN GARLIC,Snacks,,2.97,4.99,40.5
01566500149,DOTS SNACK MIX ORIG 4.4,Snacks,,2.97,4.99,40.5
02620023891,David Jumbo Cracked Ppr,Snacks,,0,2.89,100
02620023892,David Jumbo Original 1,Snacks,,1.57,2.89,45.7
02620046372,David Pumpkin Seeds 2.25 z,Snacks,,1.77,3.29,46.2
02620046472,David Sunflower  Seeds Jal Hot Salsa 5.7,Snacks,,0,2.89,100
02620046772,David Sunflower Seed Ranch 5.25 oz,Snacks,,1.57,2.89,45.7
02620046572,David Sunflower Seeds BBQ 5.25 oz,Snacks,,0,2.89,100
02840075788,Dorito cool ranch Stick,Snacks,,0,2.69,100
02840051647,Doritos,Snacks,,0,6.29,100
02840051665,Doritos Dynamite Chilli LMN,Snacks,,0,5.49,100
02840077060,Doritos Nacho 2 5/8OZ,Snacks,,0,1.99,100
02840051631,Doritos cool ranch,Snacks,,0,5.49,100
02840070006,Doritos mini can,Snacks,,2.33,3.59,35.1
02840000003,Doritos spicy,Snacks,,0,1.99,100
02840077059,"Doritos, Nacho Cheese 2 5/8OZ",Snacks,,0,2.69,100
02840077056,"Doritos,CoolRanch",Snacks,,0,2.99,100
02840077064,"Doritos,Dinamita",Snacks,,0,2.69,100
85571200801,Dots Pretzels,Snacks,,0,8.19,100
85003171985,Dots Pretzels 16oz,Snacks,,5.32,8.19,35
85571200878,Dots honey mustard,Snacks,,0,4.99,100
04400008211,Double Stuff Oreo,Snacks,,0,2.79,100
04262501318,EAGLE PREM RAINBOW BELTS,Snacks,,0.71,1.69,58
04262501333,EAGLE PREM STRAW-CREME,Snacks,,0,1.69,100
02200028217,Extra watermelon,Snacks,,0,6.89,100
85000446388,FATTY OG Chedder Smoked Meat Stick,Snacks,,0,3.69,100
02840003436,FL NTHRVST FRT NT TRL MX,Snacks,,0,2.19,100
87218100006,FLIPZ MILK CHOCO,Snacks,,3.12,3.89,19.8
81021903309,FLIPZ PRETZEL BLUEBERRY,Snacks,,3.12,4.89,36.2
87218100054,FLIPZ-WHITE FUDGE Covered PRETZELS,Snacks,,3.12,3.89,19.8
02840058927,FRITOS flavor twist honey bbq,Snacks,,0,5.49,100
03800031329,FROSTED MINI WHEATS,Snacks,,0,2.39,100
02840076821,FUNYUNS HOT 2OZ,Snacks,,0,2.69,100
02840076852,FUNYUNS REGULAR XL,Snacks,,0,5.19,100
04400003744,Fig Newton Cookies 2 oz,Snacks,,0.62,1.19,47.9
02620032200,Fire Cracker Giant Red Hot,Snacks,,0,2.09,100
81771902158,Fit Crunch,Snacks,,0,3.59,100
81771902204,Fit Crunch,Snacks,,0,3.59,100
81771902100,Fit Crunch,Snacks,,0,3.59,100
02840076922,Flaming Hot Cheetos Crunchy,Snacks,,0,2.69,100
02840074129,Flaming Hot Peanuts,Snacks,,0,2.09,100
02840025989,Frito Lay Grandmas Oatmeal Raisin Ckies,Snacks,,0,1.09,100
02840025955,Frito Lay Grandmas Peanut Butter Cookies,Snacks,,0,1.09,100
02840000578,Frito Lay Muchies Cheddar Cheese Cracker,Snacks,,0,1.09,100
02840000620,Frito Lay Munchies Jalapeno Cheddar Crac,Snacks,,0,1.09,100
02840000575,Frito Lay Munchies Nacho Cheese Crackers,Snacks,,0,1.09,100
02840002673,Frito Lay Munchies Peanut Butter Cracker,Snacks,,0,1.09,100
02840000078,Fritos  Bean Dip 9 oz,Snacks,,0,3.79,100
02840000024,Fritos Jalapeno Cheddar Dip  9 oz,Snacks,,0,3.99,100
02840000022,Fritos Mild Cheddar Dip 9,Snacks,,0,3.99,100
02840058929,"Fritos, OR 9 1/4OZ",Snacks,,0,5.49,100
02840076913,"Fritos, Twist BBQ",Snacks,,0,2.69,100
03800063570,Frosted Flakes Cereal 2.1 oz,Snacks,,0,2.39,100
03800063530,Fruit Loops Cereal 1.5 oz,Snacks,,0,2.39,100
02840076820,Funyuns,Snacks,,0,2.69,100
01600050695,GENERAL MILLS-CINNAMON TOAST CRUNCH TREA,Snacks,,0,2.09,100
03809351660,GIANT PISTACHIO RSTDandSLT,Snacks,,3.44,6.29,45.3
02840026034,GM Vanil,Snacks,,0,2.09,100
04400005231,GOLDEN OREO MINI,Snacks,,0,2.39,100
01410004555,GOLDFISH BAKED XTRA CHEDDER,Snacks,,0,2.19,100
02840025961,GRANDMAS CHOCOLATE CHIP COOKIES,Snacks,,0,2.09,100
01600016699,Gardetto Italian Recipe 5 oz,Snacks,,0,4.79,100
01600050538,Gardettos Chipotle/Chdr 5.5 oz,Snacks,,2.62,2.79,6.1
01600050731,Gardettos Deil Style Mustard Pretzel 5.5,Snacks,,2.62,4.79,45.3
01600016619,Gardettos Original 5.5 oz,Snacks,,2.62,4.79,45.3
01600050278,Gardettos Roasted garlic rye chips,Snacks,,0,4.79,100
01600050534,Golden Grahams Choco marshmallow,Snacks,,0,2.09,100
04400008214,"GoldenOreos, Double Stuff",Snacks,,1.52,2.79,45.5
01410004552,Goldfish Chedder,Snacks,,0,2.19,100
02840026072,Grandmas Mini Sandwich PB Cremes,Snacks,,0,1.49,100
07232070092,HELLO PANDA STRAWBERy,Snacks,,0,5.69,100
07232070091,HELLO PANDa CHOC PCH,Snacks,,3.12,5.69,45.2
03400021274,HERSHEYS MINI,Snacks,,0,3.09,100
88810901050,HOSTESS DANISH APPLE CIN,Snacks,,1.72,2.49,30.9
88810901052,HOSTESS DANISH CRM CHEES,Snacks,,1.72,2.49,30.9
88810925744,HOSTESS DONETTES HONEY B,Snacks,,3.48,4.49,22.5
88810925725,HOSTESS DONETTES HONEY B,Snacks,,1.72,2.49,30.9
88810925300,HOSTESS JUMBO HON BUN,Snacks,,0,2.19,100
88810925313,HOSTESS JUMBO ICED,Snacks,,1.72,2.49,30.9
88810925373,HOSTESS MEGA MUFFIN BLUEBERRY,Snacks,,1.92,2.19,12.3
88810925369,HOSTESS MEGA MUFFIN CHOC,Snacks,,1.92,2.19,12.3
88810901216,HOSTESS STRAWBERRY DONUTS,Snacks,,1.72,2.19,21.5
88810963496,HOSTESS SUZY Q CHOC CAKE,Snacks,,1.68,2.49,32.5
88810911010,HOSTESS TWINKIES 13.58OZ,Snacks,,4.68,6.69,30
88810901218,HOSTESS-BLUEBERRY DONUTS,Snacks,,1.72,2.19,21.5
03400021462,Hershey Pretzel CandK,Snacks,,2.49,4.19,40.6
03400021460,Hersheys Dipped Pretzel,Snacks,,2.49,3.59,30.6
03400000312,Hersheys Syrup,Snacks,,0,6.59,100
88810901001,Hostess,Snacks,,1.72,2.49,30.9
88810901053,Hostess Berriesand Cream Cheese Danish,Snacks,,1.72,2.49,30.9
88810901005,Hostess Choco Zingers,Snacks,,1.72,2.19,21.5
88810901016,Hostess Cinnamon Rolls,Snacks,,0,2.19,100
88810901004,Hostess Coffee Cake,Snacks,,0,2.19,100
88810911064,Hostess Crunch Bag,Snacks,,0,4.09,100
88810901007,Hostess Cupcake Orange,Snacks,,1.72,2.49,30.9
88810901002,Hostess Ding Dongs,Snacks,,0,2.19,100
88810905005,Hostess Donettes Crunch,Snacks,,1.72,2.19,21.5
88810915003,Hostess Donettes Double Chocolate 10.75oz,Snacks,,3.48,4.49,22.5
88810915002,Hostess Donettes Frosted Choco,Snacks,,3.48,4.09,14.9
88810905006,Hostess Glazed Donettes,Snacks,,0,2.19,100
88810901006,Hostess HO HOs,Snacks,,0,2.19,100
88810925017,Hostess Lemon Drizzle,Snacks,,1.72,2.49,30.9
88810905002,Hostess Mini Choco Frosted Donutes,Snacks,,1.72,2.49,30.9
88810905004,Hostess Mini donutes Powdered,Snacks,,1.72,2.49,30.9
88810915004,Hostess Powered Donuts Bg,Snacks,,3.48,4.09,14.9
88810901009,Hostess Snowball,Snacks,,1.72,2.19,21.5
88810901010,Hostess Twinkies,Snacks,,1.72,2.19,21.5
88810901011,Hostess Vanilla Zingers,Snacks,,1.72,2.19,21.5
88810901008,Hostess Zingers,Snacks,,0,2.19,100
88810925861,"Hostess,Fritters",Snacks,,0,2.19,100
03820000009,Hot Pickle Hot and Spicy,Snacks,,0,1.29,100
81003374059,ICON BISON N PORK STICK,Snacks,,0,2.59,100
81003374061,ICON MEATS BISON STICK,Snacks,,0,2.59,100
81003374099,Icon elk,Snacks,,0,2.59,100
81003374126,Icon venison and pork,Snacks,,0,2.59,100
01708201188,J LINKS JLPN CHCKN BT 325Z,Snacks,,0,8.99,100
01708201505,J. LINK DUOS BEEF ORIG/T,Snacks,,5.79,9.69,40.2
01708288584,JACK LINK Bites,Snacks,,0,8.99,100
01708287630,JACK LINK SMOKED JERKY,Snacks,,0,8.99,100
01708200932,JACK LINKKS RED PEPPER,Snacks,,2.71,4.59,41
01708287974,JACK LINKS HOT,Snacks,,0,2.09,100
01708201167,JACK LINKS SWT N HOT,Snacks,,1.66,2.79,40.5
01708288585,JACK LINKS TERIYAKI BITES,Snacks,,0,8.99,100
01708288692,JACK LINKS TERIYAKI STICK,Snacks,,0,2.09,100
01708288388,JL BEEF JRKY SWT and HOT,Snacks,,0,8.99,100
01708288392,JL JRKY PEPR,Snacks,,5.79,8.99,35.6
01708260023,JL Peppered Beef Steak,Snacks,,0,4.59,100
01708260073,JL Teriyaki,Snacks,,2.71,4.59,41
01708288963,Jack Link ORIGINAL BEEF STICK,Snacks,,2.16,3.69,41.5
01708287984,Jack Link XXL Squatch,Snacks,,0,3.69,100
01708201015,Jack Link original .80,Snacks,,0,1.59,100
01708288389,Jack Links 3.25oz,Snacks,,5.79,8.99,35.6
01708288391,Jack Links 3.25oz,Snacks,,5.79,8.99,35.6
01708200039,Jack Links Beefand Cheese 1.2oz,Snacks,,1.3,2.19,40.6
01708200040,Jack Links Jalapeno BeefandCheese 1.2oz,Snacks,,1.3,2.19,40.6
01708201162,Jack Links Jumbo Original,Snacks,,2.71,4.59,41
01708260003,Jack Links Jumbo Original,Snacks,,0,4.59,100
01708287745,Jack Links Original 1.25oz,Snacks,,0,4.29,100
01708200003,Jack Links Original Beef Jerky 1oz,Snacks,,1.66,2.79,40.5
01708200023,Jack Links Peppered Beef Steak 1 oz,Snacks,,1.66,2.79,40.5
01708200073,Jack Links Teriyaki Beef Steak 1oz,Snacks,,1.66,2.79,40.5
01708287749,Jack Links Terriyaki Jerky,Snacks,,0,4.29,100
01708288390,Jack Links jalpeno Jerky,Snacks,,0,8.99,100
01708200538,Jack Links steak strips,Snacks,,0,8.99,100
01708287747,Jack links Peppered Beef,Snacks,,0,4.29,100
01708200045,Jerky Chew Original .32 oz,Snacks,,0,2.39,100
01708200048,Jerky Chew Teriyaki,Snacks,,1.4,2.39,41.4
01070070262,Jolly Rancher Gummies,Snacks,,2.26,1.99,-13.6
03800030740,KELLOGG RICE TREAT BLISS,Snacks,,1.18,2.19,46.1
08411411544,KETTLE CHIP-BBQ,Snacks,,1.22,2.09,41.6
08411403300,KETTLE CHIPS SEA SALT 2O,Snacks,,1.22,2.09,41.6
00980000055,KINDER BUENO CRISP-CRM-C,Snacks,,1.15,2.29,49.8
70559901670,KODIAK CC BAR,Snacks,,0,1.99,100
02100065883,KR MACARONI N CHEESE DINNER,Snacks,,0,3.59,100
03010021148,Keebler Cheeseand Cheddar,Snacks,,0,1.09,100
03010012515,Keebler Cheeseand PB crkr,Snacks,,0,1.09,100
03010012521,Keebler Cluband Cheddar Crkr,Snacks,,0,1.09,100
02780006301,Keebler MandM Cookies,Snacks,,0,2.59,100
03010012518,Keebler Toastand Peanut Butter,Snacks,,0.59,1.09,45.9
02840077235,Ketchup Dorito,Snacks,,0,2.69,100
08411411588,Kettle Chips Jalapeno,Snacks,,0,2.09,100
08411403333,Kettle SeaSalt/Vinegar 2 oz,Snacks,,1.22,2.09,41.6
60265217030,Kind Caramel Almond SS,Snacks,,0,2.59,100
60265217651,Kind Dark Chocolate Nutsand Sea Salt,Snacks,,0,2.59,100
60265217056,Kind PeanutButter Drk Choco,Snacks,,1.4,2.59,45.9
60265217011,Kind Plus Cranberry Almond,Snacks,,0,2.59,100
02840019914,LAYS,Snacks,,0,4.99,100
85003664858,LEVEL 1 BAR CHOC CHIP CO,Snacks,,1.93,3.59,46.2
85006292814,LEVEL 1 BAR SMORES 2.1OZ,Snacks,,1.93,3.59,46.2
02200007407,LIFESAVER GUMMY WB SHARE,Snacks,,1.83,2.79,34.4
02430083744,LITTLE DEBBIE STRAWB,Snacks,,0,2.19,100
02840077008,Lays Classic 2.5OZ,Snacks,,0,2.69,100
02840000056,Lays Creamy Ranch Dip,Snacks,,0,1.19,100
02840019963,Lays SC and Onion,Snacks,,0,4.59,100
02840007095,Lays Smooth Ranch Dip 15 oz,Snacks,,0,5.99,100
02840019961,"Lays, BBQ 7 3/4OZ",Snacks,,0,4.99,100
02840018382,"Lays, Baked",Snacks,,0,4.99,100
02840076970,"Lays,BQQ",Snacks,,0,2.69,100
02840076965,"Lays,Salt+Vinegar,SmallBag",Snacks,,0,2.69,100
02840077005,"Lays,SourCream+Onion",Snacks,,0,2.89,100
02430083796,Little Debbie 2 for $2.00,Snacks,,0,2.19,100
02430083521,Little Debbie 2 for $2.00,Snacks,,0,2.19,100
02430086510,Little Debbie 2 for $2.00,Snacks,,0,2.19,100
02430086595,Little Debbie 2 for $2.00,Snacks,,0,2.19,100
02430086541,Little Debbie 2 for $2.00,Snacks,,0,2.19,100
02430083520,Little Debbie 2 for $2.00,Snacks,,0,2.19,100
02430083526,Little Debbie 2 for $2.00,Snacks,,0,2.19,100
02430086571,Little Debbie 2 for $2.00,Snacks,,0,2.19,100
02430083786,Little Debbie 2 for $2.00,Snacks,,0,2.19,100
02430086590,Little Debbie 2 for $3.00,Snacks,,0,1.69,100
02430004432,Little Debbie Bag Donuts Chocolate,Snacks,,0,2.59,100
02430004515,Little Debbie Bag Donuts Chocolate,Snacks,,0,2.59,100
02430004553,Little Debbie Bag Donuts Chocolate,Snacks,,0,2.59,100
02430004550,Little Debbie Bag Donuts Powdered,Snacks,,0,2.59,100
02430004431,Little Debbie Bag Donuts Powdered,Snacks,,0,2.59,100
02430086592,Little Debbie Choc Chip Creme Pie,Snacks,,0,1,100
02430086761,Little Debbie Dbl Dkr Oatmeal Cream Pie,Snacks,,0,2.19,100
02430084188,Little Debbie Dbl Dkr Oatmeal Cream Pie,Snacks,,0,2.19,100
02430086566,Little Debbie Nutty Bars,Snacks,,0,0.99,100
02430083561,Little Debbie Oatmeal Creme Pie,Snacks,,0,1,100
02430080711,Little Debbie PB Creme Pie,Snacks,,0,1,100
02430083734,Little Debbie Strawberry Roll,Snacks,,0,1,100
02430080765,Little Debbie spring party cake,Snacks,,0,2.19,100
01600050601,Lucky Charms Treats Marshmallow 1.7 oz,Snacks,,0,1.69,100
04000058792,M andM MINIS PB,Snacks,,0,2.79,100
78656054043,MET-RX PROTEIN PLUS,Snacks,,2.41,4.39,45.1
78656005001,METRX B100 CHOCOLATE CHI,Snacks,,2.41,4.39,45.1
02840076367,MUNCHIES RFLES CHDR SR CRM,Snacks,,0,1.29,100
88810925379,Mega Muffin,Snacks,,0,2.19,100
78656015312,MetRX Cookie Crunch,Snacks,,0,4.09,100
04400004736,Mini Chips Ahoy Chewy,Snacks,,0,2.59,100
04400000679,Mini Chips Ahoy Choc. Chip Cookies 3 oz,Snacks,,0,2.59,100
02840070860,Mixed Nuts,Snacks,,0,3.09,100
02840008404,Munchies Cheese Fix 8 oz,Snacks,,0,3.99,100
02840008405,Munchies Flamin Hot,Snacks,,0,3.99,100
02840002686,Munchies PB Crackers,Snacks,,0,1.09,100
04400008059,NAB OREO CAKESTERS GOLDE,Snacks,,1.52,2.79,45.5
04400008479,NAB RITZ DRIZZLED MINI F,Snacks,,2.34,4.29,45.5
01600044281,NATURE VALLEY ALMOND,Snacks,,0,1.39,100
02840076387,NUT HARVEST FLMIN HOT NS,Snacks,,0,4.49,100
02840071340,NUT HARVEST HNY RSTD CASHEWS,Snacks,,0,2.99,100
00980080005,NUTELLA and GO BREADSTICK,Snacks,,1.54,2.89,46.7
04400000680,Nabisco Mini Oreo 3 oz,Snacks,,1.38,2.59,46.7
04400000749,Nabisco Oreo,Snacks,,2.39,3.69,35.2
04400003424,Nabisco Ritz,Snacks,,0,3.69,100
01600044282,Nature Valley Peanut Bar,Snacks,,0,1.39,100
01600026479,Nature Valley Peanut Butter Bar 1.5 oz,Snacks,,0,1.39,100
02840003422,Nut Harvest,Snacks,,0,2.19,100
03800035621,Nutri Grain Apple Cinnamon 1.3 oz,Snacks,,0,1.29,100
03800035721,Nutri Grain Blueberry bar 1.3 oz,Snacks,,0,1.29,100
03800035921,Nutri Grain Strawberry bar 1.3 oz,Snacks,,0,1.29,100
04400003658,Nutter Butter King,Snacks,,0,2.79,100
04400003745,Nutter Butter PB Cookies 1.9 oz,Snacks,,0.62,0.99,37.4
78843410750,ONE Cinni Roll,Snacks,,0,3.49,100
78843410675,ONE GLAZD DONUT,Snacks,,1.87,3.49,46.4
07969422105,Old trapper old fashion,Snacks,,0,12.49,100
78843411568,"One,Reeses",Snacks,,0,3.49,100
04400008208,Oreo King Size,Snacks,,0,2.79,100
04400008179,"Oreo Mini, PB",Snacks,,0,2.59,100
05410000028,PICKLE BALL DILL SPICY,Snacks,,0,2.99,100
07492341303,PIK-NIK SHOESTRI cheddar,Snacks,,0,1.59,100
02900001025,PLANTER DELUXE MIXED NUT,Snacks,,1.75,3.19,45.1
02900002583,PLANTER TUBE CASHEWS SWT,Snacks,,1.83,3.39,46
02900002792,PLANTERS SandS PEANUT,Snacks,,0,0.79,100
03800016911,PRINGELS pizza,Snacks,,1.2,2.19,45.2
03800018371,PRINGLES bbq,Snacks,,2.47,3.79,34.8
04950800731,PRTZL CRISPS BUFFALO,Snacks,,0,2.09,100
05410000039,Pickle bells,Snacks,,0,2.99,100
01800051068,Pillsbury Chocolate Chip Cookie,Snacks,,0,1.49,100
01411391008,Pistachios,Snacks,,0,5.89,100
02900007436,Plantaers Salted Cashew 3z,Snacks,,0,3.29,100
02900001263,Planters Chipotle Peanuts 6 oz,Snacks,,1.45,2.69,46.1
02900001544,Planters Dry Roasted Peanuts 6 oz,Snacks,,0,2.69,100
02900002215,Planters Heat Peanuts,Snacks,,0,0.69,100
02900007539,Planters Honey Cashew 1.5 oz,Snacks,,0,1.99,100
02900007449,Planters Honey Roasted Cashew 3 oz,Snacks,,0,3.29,100
02900002213,Planters Honey Roasted Peanuts 1.75oz,Snacks,,0.39,0.79,50.6
02900001257,Planters Honey Roasted Peanuts 6 oz,Snacks,,0,2.69,100
02900002581,Planters HotandSpicy Cashew,Snacks,,0,2.49,100
02900007538,Planters Salted Cashews 1.5oz,Snacks,,1.21,1.99,39.2
02900002211,Planters Salted Peanut 1.75,Snacks,,0.39,0.69,43.5
02900001258,Planters Salted Peanuts 6 oz,Snacks,,0,2.69,100
02900002579,Planters Spicy Pistachio,Snacks,,0,2.99,100
03800031840,Pop Tart Cherry,Snacks,,0.84,1.59,47.2
03800058171,Pop Tart Smores,Snacks,,0.84,1.59,47.2
03800031731,Pop Tart Strawberry,Snacks,,0.84,1.59,47.2
03800031031,Pop Tarts Blueberry,Snacks,,0.84,1.59,47.2
03800031131,Pop Tarts Brown Sugar Cinnamon,Snacks,,0.84,1.59,47.2
03800050471,Pop Tarts Hot Fudge Sundae,Snacks,,0.84,1.59,47.2
03800030429,"Poptart,StrawberryMilkshake",Snacks,,0,1.99,100
04400000382,Premium Saltine Crackers,Snacks,,0,3.69,100
04950800734,Pretzel Crisps GarlParm,Snacks,,0,1.79,100
03800013872,Pringles 6.07z,Snacks,,2.47,3.79,34.8
03800013857,Pringles 6.07z,Snacks,,2.47,3.79,34.8
03800013841,Pringles 6.07z,Snacks,,2.47,3.79,34.8
03800013843,Pringles 6.07z,Snacks,,2.47,3.79,34.8
03800084526,Pringles Cheddar Cheese,Snacks,,0,2.19,100
03800084524,Pringles Original 2.36 0z,Snacks,,0,2.19,100
03800013863,Pringles Pizza,Snacks,,2.47,3.79,34.8
03800084894,Pringles SaltnVinegar 2.5 oz,Snacks,,1.2,2.19,45.2
03800084525,Pringles Sour Creamand Onion,Snacks,,1.2,2.19,45.2
03800027645,Pringles hot honey,Snacks,,2.47,3.79,34.8
03800013860,Pringles salt and vinegar,Snacks,,2.47,3.79,34.8
02430084189,Pumpkin Pie,Snacks,,0,0.99,100
88884900122,Quest Bar,Snacks,,0,3.69,100
88884900000,Quest Bar,Snacks,,0,3.69,100
02840076910,RUFFLES QUESO SMALL,Snacks,,0,2.69,100
02840076678,RUFFLES SMOKEHOUSE BBQ X,Snacks,,0,2.69,100
03800011630,Raisin Bran Crunch Cereal 2.8 oz,Snacks,,0,2.39,100
78843411570,Reeses Hersheys,Snacks,,0,3.49,100
03400094028,Reeses Super King,Snacks,,0,4.39,100
81003148026,Reeses filled pretz,Snacks,,0,3.19,100
03800059099,Rice Krispies Treat 2.20z,Snacks,,0,2.19,100
03800059095,Rice Krispies Treats Double Chocolate Ch,Snacks,,1.18,2.19,46.1
03800030326,"Rice, Homestyle",Snacks,,0,2.19,100
04400000678,Ritz Bits Peanut Butter 3 oz,Snacks,,0,2.59,100
04400008041,Ritz Bits Spicy queso,Snacks,,0,2.59,100
04400000211,Ritz Cheese 1.35 Oz,Snacks,,0.52,0.99,47.5
04400000210,Ritz Peanut Butter Crackers,Snacks,,0,0.89,100
02840051668,Ruffles OR 8OZ,Snacks,,0,5.99,100
02840051691,"Ruffles, C+S 8OZ",Snacks,,0,5.59,100
02840076907,"Ruffles,SourCream+Chedar",Snacks,,0,2.69,100
02840073324,SLIM JIM CHILI CHS,Snacks,,0,1.89,100
02620014160,SLIM JIM JALAP N CHEESE,Snacks,,0,2.19,100
02840080041,SM WCH,Snacks,,0,4.59,100
07797509560,SNYDER JALAPENO,Snacks,,1.64,2.99,45.2
07797509391,SNYDERS buffalo wings,Snacks,,1.64,2.99,45.2
07797509559,SNYDERS cheddar cheese,Snacks,,0,2.99,100
07046203596,SOUR PATCH KIDS,Snacks,,2.2,3.69,40.4
04624781111,STRING CHEESE 2/OZ CHSE,Snacks,,1.12,1.89,40.7
85101500422,SWEETWOOD ORIGINAL,Snacks,,0,3.69,100
02620011750,Slim Jim Mild 0.97oz,Snacks,,0,1.89,100
02620014060,Slim Jim Monster Original,Snacks,,2.05,3.49,41.3
02620011740,Slim Jim Nacho0.97oz,Snacks,,0,1.89,100
02620011700,Slim Jim Original 0.97oz,Snacks,,0,1.89,100
02620014477,Slim Jim SAVAGE,Snacks,,0,4.69,100
02620011730,Slim Jim Tabasco 0.97 oz,Snacks,,0,1.89,100
02620014050,Slim Jim Tabasco Monster,Snacks,,0,3.49,100
02620011924,"Slim Jim, Twin Pack",Snacks,,0,3.59,100
02840076826,"SmartFood,WhiteCheddar",Snacks,,0,2.69,100
02840031401,"Smartfood,WH Cheddar",Snacks,,0,5.19,100
04950800730,Snack Factory original,Snacks,,1.15,2.09,45
04767748248,Snickers Ice Cream Bar,Snacks,,1.37,2.79,50.9
04000059533,SnickersPecan,Snacks,,0,2.79,100
01800013412,Soft baked cookies CTC,Snacks,,0,2.49,100
01800051541,Soft baked double chocolate,Snacks,,1.35,2.49,45.8
03800000012,Special K Brownie Batter 1.59 oz,Snacks,,0,2.69,100
03800000010,Special K Choc PB bar 1.59 oz,Snacks,,1.43,2.69,46.8
03800000011,Special K Strawberry bar 1.59 oz,Snacks,,0,2.69,100
01708287982,Squatch Mild,Snacks,,0,3.69,100
02200029841,Starburst Gummies,Snacks,,0,3.19,100
02840014740,Sun Chips Garden Salsa,Snacks,,0,4.99,100
02840014739,Sun Chips harvest cheddar,Snacks,,0,4.99,100
02840075032,Sun chips funnycan,Snacks,,2.33,3.59,35.1
02840076825,Sunchips,Snacks,,0,2.79,100
72049590435,T.G.I. Fridays Sour Creamand Onion 3 oz,Snacks,,0,2.59,100
75752804811,TAKIS BLUE HEAT 3.25OZ,Snacks,,0,2.69,100
72049592907,TGIF Friday Bacon Ranch,Snacks,,0,2.69,100
72049590935,TGIFriday Potato Skin ChiliChes 3 oz,Snacks,,1.52,2.59,41.3
72049590065,TGIFriday Potato Skins Chdr/Sr Crm 3 oz,Snacks,,0,2.59,100
72049590261,TGIFriday Potato Skins JalapenoChd 3oz,Snacks,,1.52,2.59,41.3
72049590235,TGIFridays Potato Skins Chdr/Bcn 3 oz,Snacks,,1.52,2.59,41.3
01708201340,Teriyaki meat stick,Snacks,,0.95,1.59,40.3
02620039190,TiJuana Mama,Snacks,,1.45,2.49,41.8
02840005598,Tostito Chunky Salsa Medium Dip,Snacks,,0,5.99,100
02840007098,Tostito Salsa Con Queso Med Dip 15 oz,Snacks,,0,8.99,100
02840051796,Tostitos Bite Size Rounds,Snacks,,0,5.49,100
02840005597,Tostitos Chunky Salsa mild,Snacks,,0,4.99,100
02840021573,Tostitos Jar Queso Blanco Dip,Snacks,,0,8.99,100
02840006408,Tostitos Scoops 10 oz,Snacks,,0,5.99,100
02900001006,Trail Mix Sweet and Nutty,Snacks,,2.52,4.59,45.1
07339005515,"Trident,Spearment",Snacks,,1.13,1.79,36.9
07339005504,TridentWhite,Snacks,,0,1.99,100
07339005530,TropicalTwist,Snacks,,0,3.49,100
07851600022,Turkey Creek BBQ Pork Rinds,Snacks,,0,1.89,100
07851600012,Turkey Creek Chicharron Pork Skins,Snacks,,0,1.89,100
07851600032,Turkey Creek Hot BBQ Pork Ski,Snacks,,0,1.89,100
01708288969,U21-JL PEPPERONI BEEF STICK,Snacks,,0,3.69,100
03820000008,VAN HOLTENS  SOUR,Snacks,,0,1.29,100
02430083728,Valentine Cake,Snacks,,0,2.19,100
03820000006,Van Holtens Dill Pickles,Snacks,,0,1.29,100
07930300267,Wenzel beef and cheddar,Snacks,,0,3.29,100
07930300247,Wenzel teriyaki,Snacks,,0,3.29,100
07930300268,Wenzels  pepperjack,Snacks,,0,3.29,100
03820000007,Zesty Garlic Pickles,Snacks,,0,1.29,100
02620023187,anndy ranch fries,Snacks,,0,1.79,100
02430084198,apple stick donut,Snacks,,0,2.19,100
01128400329,banana cream pie,Snacks,,0,1.49,100
85000042941,barebell,Snacks,,2.07,3.79,45.4
03575111107,bear claw,Snacks,,1.87,3.19,41.4
01708288707,beef stick,Snacks,,0,2.09,100
02840051646,big bag red ritos,Snacks,,0,6.29,100
04400008017,big chey,Snacks,,1.39,2.59,46.3
02430086540,big honey bun lil debbie,Snacks,,0,2.19,100
81601201273,bigs taco seeds,Snacks,,1.87,3.39,44.8
04157011053,blue diomond,Snacks,,0,1.69,100
08355409891,butches chilli,Snacks,,0,9.49,100
02840058986,cheetos crunchy,Snacks,,0,5.49,100
02840059668,cheetos puffs,Snacks,,0,5.49,100
02410070571,cheez-it,Snacks,,0,4.59,100
02410011423,cheezeit snapped double cheese,Snacks,,0,3.19,100
02430084197,cherry pie,Snacks,,0,1,100
02840076722,chester chips,Snacks,,0,2.99,100
81011383290,chil armore,Snacks,,0,3.49,100
04400005694,chips ahoy king,Snacks,,1.52,2.79,45.5
02430084135,cookiesand cream,Snacks,,0,2.19,100
85003171937,dots pretzels cinnamon sugar,Snacks,,2.97,4.99,40.5
02430086591,double decker fudge round,Snacks,,0,2.19,100
04143300126,egg salad,Snacks,,2.9,3.69,21.4
85101500426,fatty SWEETWOOD JALAPENO,Snacks,,2.17,3.69,41.2
85101500436,fatty bbq meatstick,Snacks,,0,3.69,100
85101500437,fatty honey bbq,Snacks,,2.17,3.69,41.2
02840071297,frioto sticks,Snacks,,0,1.79,100
02840071298,frioto sticks,Snacks,,0,1.79,100
02840058928,frito cilli cheese,Snacks,,0,5.19,100
02840025942,frito lay Grandmas Choco Brownie,Snacks,,0,1.09,100
03800028073,homestyle rice treat,Snacks,,0,2.19,100
02840071299,jack bites,Snacks,,0,2.99,100
02840071300,jack bites,Snacks,,0,2.99,100
01708287744,jack links sweet and hot,Snacks,,0,4.29,100
02840071294,jack loink frito lay,Snacks,,0,8.49,100
02840071296,jack loink frito lay,Snacks,,0,8.49,100
01708288966,jack teriyaki,Snacks,,0,3.69,100
01708201093,jerky,Snacks,,0,8.99,100
02840037185,lays kettle/jalapeno,Snacks,,0,4.99,100
02430084132,lil deb star crunch,Snacks,,0,2.19,100
04000060556,mandm PeanutButter,Snacks,,0,2.79,100
02840070568,munchos,Snacks,,0,2.99,100
02840003482,nut choco,Snacks,,0,2.19,100
02840045958,nut harvest pistachios,Snacks,,0,1.99,100
78843410795,one protien bar,Snacks,,0,3.49,100
02840007094,onion dip,Snacks,,0,5.99,100
01932000198,oreo,Snacks,,0,1.19,100
04400006991,oreo cakester,Snacks,,1.52,2.79,45.5
02840070572,popcorn puff cheese,Snacks,,0,2.99,100
02840070012,pringles,Snacks,,0,3.39,100
03400021461,reeses dipped pretzel,Snacks,,2.49,4.19,40.6
02620014161,slim jim meat and cheese,Snacks,,0,2.19,100
07797509390,snyder honey mstrd,Snacks,,0,2.99,100
03400056002,twiz 16oz,Snacks,,0,5.79,100
02780007383,wafers,Snacks,,0,3.49,100
02780007356,wafers,Snacks,,0,3.49,100
07874200650,.5 gallon choco milk,Soda,,0,2.79,100
07929800007,1 L EVIAN,Soda,,0,2.49,100
04900000050,12 oz Coke,Soda,,0,0.89,100
04900000634,12 oz Coke,Soda,,0,0.89,100
04900000132,12 oz Coke,Soda,,0,0.89,100
07084789199,15 Z JAVA LATTE,Soda,,0,3.39,100
07800001328,20oz.Orange  Crush,Soda,,0,1.79,100
07800004058,20z Dr Pepper Blackberry,Soda,,0,1.89,100
07800000034,2LTR 7- UP,Soda,,0,2.79,100
07618332363,32oz Snapple,Soda,,0,3.19,100
07618332850,32oz Snapple,Soda,,0,3.19,100
71941078300,5 HR Can,Soda,,0,3.69,100
71941078500,5HR ExtraStrangth,Soda,,0,3.49,100
07800000161,7 UP 20 oz,Soda,,0,1.89,100
07800000162,7 Up Diet 20 oz,Soda,,0,1.89,100
07800001180,7-Up 12 pk cans,Soda,,0,6.99,100
61126928136,8OZ REDBULL COCONUT,Soda,,0,2.99,100
81017504224,ALANI PURPLE CANDY 12OZ,Soda,,0,2.79,100
75956961004,AM STAR 1 GALLON DRINKING,Soda,,1.74,2.39,27.2
61300875647,ARIZONA FRUIT PUNCH,Soda,,0,1.99,100
61300875648,ARIZONA MUCHO MANGO 22OZ,Soda,,0,1.69,100
81515402007,Adams Drink,Soda,,0,3.49,100
81003051915,Alani,Soda,,0,2.79,100
85064500838,Alani,Soda,,0,2.79,100
81003051048,Alani,Soda,,0,2.79,100
85064500836,Alani,Soda,,0,2.79,100
81003051233,Alani,Soda,,0,2.79,100
81003051225,Alani,Soda,,0,2.79,100
81003051382,Alani,Soda,,0,2.79,100
81003051105,Alani,Soda,,0,2.79,100
81003051015,Alani,Soda,,0,2.79,100
81003051407,Alani,Soda,,0,2.79,100
81003051808,Alani,Soda,,0,2.79,100
81017504226,Alani purple cotton candy case,Soda,,0,2.79,100
01200012635,Amp Cherry,Soda,,0,2.49,100
01200001643,Amp Energy 16 oz,Soda,,0,2.49,100
01200050404,Aquafina 24pk,Soda,,0,6.99,100
01200000157,Aquafina Pure Water 1 lt,Soda,,0,1.99,100
01200000159,Aquafina Pure Water 20 oz,Soda,,0,1.69,100
61300875644,Arizona,Soda,,0,1.29,100
61300875642,Arizona Green Tea 23 oz,Soda,,0,1.29,100
61300875645,Arizona Green Tea 23 oz,Soda,,0,1.29,100
61300875643,Arizona Green Tea 23 oz,Soda,,0.96,1.29,25.6
61076486381,BANG,Soda,,0,2.79,100
61076486377,BANG BLACK CHERRY,Soda,,0,3.19,100
61076401799,BANG ENERGY AMERICAM BER,Soda,,0,3.19,100
61076401793,BANG LIME POP DROP 16OZ,Soda,,0,3.19,100
61076482617,BANG PURPLE HAZE,Soda,,0,3.19,100
61076401781,BANG SOUR ROPES,Soda,,0,3.19,100
81809400577,BLACK ROCKSTAR,Soda,,0,2.89,100
81011383138,BODY ARMOR,Soda,,0,3.49,100
02843560051,BUBBLR PeachRasp,Soda,,0,1.99,100
02843560042,BUBBR,Soda,,0,1.99,100
02843539949,BUBBR,Soda,,0,1.99,100
02843539923,BUBBR,Soda,,0,1.99,100
02843560028,BUBBR,Soda,,0,1.99,100
81369402667,"Bai,BingCherry",Soda,,0,1.79,100
61076486363,Bang Blue Raz 16oz,Soda,,0,3.19,100
61076400031,Bang Energy,Soda,,0,3.19,100
61076486365,Bang Energy,Soda,,0,3.19,100
04900002392,Barqs Rootbeer 20 oz,Soda,,0,1.89,100
81014015771,Black Rifle Energy FeMdom Punch 16oz,Soda,,0,2.99,100
85817600233,"Body Amour, Blackout",Soda,,0,3.49,100
81011383058,Body Armour Flash IV Strawberry Kiwi 20OZ,Soda,,0,2.79,100
81011383060,Body Armour Flash IV Tropical Punch 20 OZ,Soda,,2.04,2.79,26.9
85817600215,"BodyAmour,SportWater",Soda,,0,2.79,100
85817600231,BodyArmor 28oz,Soda,,0,3.49,100
85817600232,BodyArmor 28oz,Soda,,0,3.49,100
85817600230,BodyArmor 28oz,Soda,,0,3.49,100
85817600284,BodyArmor 28oz,Soda,,0,3.49,100
81011383026,BodyArmor 28oz,Soda,,0,3.49,100
85000994243,BodyArmor 28oz,Soda,,0,3.49,100
85000994229,BodyArmor 28oz,Soda,,0,3.49,100
81011383289,BodyArmor 28oz,Soda,,0,3.49,100
81011383291,BodyArmor CHILL FZBRY 28oz,Soda,,0,2.99,100
85817600254,"BodyArmour,TropicalPunch",Soda,,0,3.49,100
01200056749,Brisk Fruit Punch 1Litter,Soda,,0,1.79,100
01200016123,Brisk Iced Tea  1 ltr,Soda,,0,1.79,100
01200020238,Brisk Lemon Tea 1 ltr.,Soda,,0,1.79,100
09800010012,"Brisk, Blueberry Pomagranate",Soda,,0,1.39,100
81019392089,Bum cream soda,Soda,,0,3.99,100
08355409899,Butches Loaded Potato,Soda,,0,9.49,100
84259513127,C4,Soda,,0,3.19,100
84259513360,C4,Soda,,0,3.19,100
84259513926,C4 CERIAL KILLER,Soda,,0,319,100
84259513826,C4 ENRGY LEMONADE 16OZ,Soda,,0,3.19,100
84259513605,C4 SOUR GUMMY,Soda,,0,3.19,100
04900004751,CHERRY COKE ZERO 8Z 12PK,Soda,,0,8.99,100
01200000310,CHERRY PEPSI 12 OZ CAN,Soda,,0,0.89,100
01200017075,CHERRY PEPSI ZERO,Soda,,0,2.49,100
04900007222,CHERRY SPRITE,Soda,,0,2.79,100
04900056169,COCA-COLA CHERRY FLOAT,Soda,,0,2.79,100
05200004704,COOL BLUE GATORADE ZERO,Soda,,0,3.39,100
85300400402,CORE WATER,Soda,,0,1.59,100
85300400403,CORE WATER900ML,Soda,,0,2.49,100
07800000911,CRUSH ORANGE,Soda,,0,0.89,100
07958118401,Calyps,Soda,,0,1.99,100
07958118402,Calyps,Soda,,0,1.99,100
07958118403,Calyps,Soda,,0,1.99,100
07800015240,Canada Dry,Soda,,0,1.79,100
88939200132,"Celsiuc, Galaxy Vibe",Soda,,0,2.79,100
88939200091,"Celsiuc, Galaxy Vibe",Soda,,0,2.79,100
88939200178,"Celsius, Mango Lemonade",Soda,,0,2.79,100
88939200174,"Celsius, Playa Vibe",Soda,,0,2.79,100
88939200172,"Celsius, Retro Vibe",Soda,,0,2.79,100
88939200170,"Celsius,CherryCola",Soda,,0,2.79,100
88939200154,"Celsius,Sparkling",Soda,,0,2.79,100
88939200156,"Celsius,SparklingWatermelon",Soda,,0,2.79,100
04900004754,Cherry Coke Zero,Soda,,0,2.59,100
04900056171,Cherry zero float,Soda,,0,2.79,100
04900000522,Coca Cola 1 lt,Soda,,0,3.29,100
04900000524,Coca Cola Diet 1 lt,Soda,,0,2.79,100
04900005010,Coca-Cola 2 Liter,Soda,,0,3.49,100
04900002891,Coke 12 Packs,Soda,,0,8.99,100
04900002890,Coke 12 Packs,Soda,,0,8.99,100
04900002892,Coke 12 Packs,Soda,,0,8.99,100
04900003103,Coke 12 Packs,Soda,,0,8.99,100
04900004255,Coke 12 Packs,Soda,,0,8.99,100
04900005341,Coke 16 oz can,Soda,,0,1.99,100
04900006042,Coke 16 oz can,Soda,,0,1.99,100
04900000764,Coke 20 oz,Soda,,0,2.79,100
04900004086,Coke 20 oz,Soda,,0,2.69,100
04900000044,Coke 20 oz,Soda,,0,2.79,100
04900001801,Coke 20 oz,Soda,,0,2.69,100
04900000045,Coke 20 oz  diet,Soda,,0,2.79,100
04900003117,Coke Vanilla 20oz,Soda,,0,2.79,100
04900005340,Coke Zero Tall,Soda,,0,1.99,100
04900055875,"Coke, Orange Cream",Soda,,0,2.69,100
81162002063,Core Power Elite Chocolate 14oz,Soda,,0,3.79,100
81162002198,Core Power Elite Chocolate 14oz,Soda,,0,3.79,100
81162002142,Core Power Elite Chocolate 14oz,Soda,,0,3.79,100
81162002196,Core Power Elite Vanilla 14oz,Soda,,0,3.79,100
81162002195,Core Power Elite Vanilla 14oz,Soda,,0,3.79,100
81162002065,Core Power Elite Vanilla 14oz,Soda,,0,3.79,100
07800001345,Crush Grape 12 Pack,Soda,,0,8.99,100
07800001352,Crush Grape 20oz,Soda,,0,1.79,100
07800001305,Crush Orange 12 Pk,Soda,,0,8.99,100
07800001369,Crush Strawberry,Soda,,0,1.79,100
07800001362,Crush Strawberry 12 Pack,Soda,,0,8.99,100
01200019144,DEW ZERO 12PK,Soda,,0,8.99,100
01200081011,DIET CODE RED,Soda,,0,6.69,100
01200000805,DIET PEPSI 12OZ CAN,Soda,,0,0.89,100
01200017175,DIET PEPSI 1LTR,Soda,,0,2.89,100
04850020700,DOLE ORNG BLND 15.2Z,Soda,,0,2.79,100
07800003351,DR.PEPPER CREAM SODA,Soda,,0,1.89,100
04900000977,Dasani Purified Water 20 oz,Soda,,0,1.69,100
07800001181,Diet 7-UP 12pk Can,Soda,,0,6.99,100
04900005342,Diet Coke 16 fl oz,Soda,,0,1.99,100
04900005011,Diet Coke 2 Liter,Soda,,0,3.49,100
07800008316,Diet Dr. Pepper 12 pk cans,Soda,,0,6.99,100
01200080997,Diet Mt. Dew 12pk Cans,Soda,,0,8.99,100
01200017186,Diet Pepsi 12 pk cans,Soda,,0,8.99,100
01200017176,Diet Pepsi 2 Liter,Soda,,0,3.49,100
07800008216,Dr Pepper 12 pk cans,Soda,,0,7.49,100
07800008340,Dr Pepper Diet 20 oz,Soda,,0,1.89,100
07800008246,Dr. Pepper 2 Liter,Soda,,0,3.49,100
07800008240,Dr. Pepper 20 oz,Soda,,0,1.89,100
07800009840,Dr. Pepper 20 oz,Soda,,0,1.89,100
01200017173,Dt. Pepsi 1.25 ltr,Soda,,0,2.29,100
04900007239,Dunkin Donuts Iced Coffee,Soda,,0,3.79,100
04900007238,Dunkin Donuts Iced Coffee,Soda,,0,3.79,100
04900007237,Dunkin Donuts Iced Coffee,Soda,,0,3.79,100
04900055361,Dunkin Donuts Iced Coffee,Soda,,0,3.79,100
60888300002,Eternal Water,Soda,,0,1.79,100
07673712230,Everfresh Orange Juice,Soda,,0,2.99,100
07673712232,"Everfresh, Apple",Soda,,0,2.99,100
07673712377,"Everfresh, Grape",Soda,,0,2.99,100
07929800008,Evian Natural Spring Water 1.05 pt,Soda,,0,1.59,100
6908946289500,Exotic Pepsi peach oolong,Soda,,0,4.99,100
04900001916,Fanta Orange 20 oz,Soda,,0,1.89,100
04900003076,"Fanta, Pineapple",Soda,,0,8.99,100
09800010088,Fusion,Soda,,0,1.99,100
09800010090,Fusion Lipton,Soda,,0,1.99,100
05200006608,GATORLYTE TROP COCONUT 20 oz,Soda,,0,3.39,100
81016960415,GHOST 7UP,Soda,,0,3.29,100
81012852053,GHOST BUBLICIOUS,Soda,,0,3.19,100
81012852985,GHOST PEACHES,Soda,,0,3.19,100
81016960002,GHOST STRAWBANgo,Soda,,0,3.19,100
81002829894,GHST CHRYLIMAD 12/16C,Soda,,0,3.19,100
88399068120,GOOD2GROW JUICY WATER GRA,Soda,,0,2.88,100
07800000912,GRAPE CRUSH 120Z CAN,Soda,,0,0.89,100
05200004327,GRAPE ZERO GATORADE,Soda,,0,3.39,100
05200006495,GatORADE Cool Kate 28oz,Soda,,0,3.39,100
05200004214,Gatorade 20 oz,Soda,,0,2.19,100
05200004354,Gatorade 20 oz,Soda,,0,2.19,100
05200032481,Gatorade 20 oz,Soda,,0,2.19,100
05200032866,Gatorade 20 oz,Soda,,0,2.19,100
05200032868,Gatorade 20 oz,Soda,,0,2.19,100
05200032867,Gatorade 20 oz,Soda,,0,2.19,100
05200032486,Gatorade 20 oz,Soda,,0,2.19,100
05200013519,Gatorade 28 oz,Soda,,0,3.39,100
05200010241,Gatorade 28 oz,Soda,,0,3.39,100
05200013517,Gatorade 28 oz,Soda,,0,3.39,100
05200013514,Gatorade 28 oz,Soda,,0,3.39,100
05200013513,Gatorade 28 oz,Soda,,0,3.39,100
05200013515,Gatorade 28 oz,Soda,,0,3.39,100
05200013508,Gatorade 28 oz,Soda,,0,3.39,100
05200013516,Gatorade 28 oz,Soda,,0,3.39,100
05200013528,Gatorade 28 oz,Soda,,0,3.39,100
05200004328,Gatorade 28 oz,Soda,,0,3.39,100
05200004314,Gatorade 28 oz,Soda,,0,3.39,100
05200004232,Gatorade 28 oz,Soda,,0,3.39,100
05200010411,Gatorade 28 oz,Soda,,0,3.39,100
05200010410,Gatorade 28 oz,Soda,,0,3.39,100
05200001029,Gatorade 28 oz,Soda,,0,3.39,100
05200004234,Gatorade 28 oz,Soda,,0,3.39,100
05200004231,Gatorade 28 oz,Soda,,0,3.39,100
05200005802,Gatorade Midnight Ice 28oz,Soda,,0,2.99,100
05200005285,Gatorlyte,Soda,,0,3.39,100
05200005286,Gatorlyte,Soda,,0,3.39,100
05200004790,Gatorlyte,Soda,,0,3.39,100
05200005062,Gatorlyte Watermelon,Soda,,0,3.39,100
81008581218,Generic Item-No description,Soda,,0,3.19,100
81016960338,Ghost Welch grape-cra,Soda,,0,2.19,100
81016960336,Ghost blue raspberry,Soda,,0,3.19,100
81016960861,Ghost bubble,Soda,,0,329,100
05200010247,Glacier Cherry Gatorade,Soda,,0,2.19,100
04900055848,Gold Peak,Soda,,0,2.69,100
08390000576,Gold Peak Diet Tea,Soda,,0,2.69,100
08390000575,Gold Peak Tea Sweetened 18.5 oz,Soda,,0,2.59,100
08390000577,Gold Peak Tea Unsweetened 18.5 oz,Soda,,0,2.69,100
88399010120,Good To Grow rasp lemonade 10oz,Soda,,0,5.49,100
88399068121,Good to Grow fruits punch,Soda,,0,2.89,100
88399088120,GoodGrow,Soda,,0,3.79,100
62022120012,Green apple jones,Soda,,0,1.99,100
18507300002,Hog Wash Gruntin Grape,Soda,,0,1.49,100
18507300003,Hog Wash Piggleberry Punch 10 oz,Soda,,0,1.49,100
18507300006,Hog Wash Piggy PInk Lemonade,Soda,,0,1.49,100
18507300004,Hog Wash Squealin Blue Raspberry 10 oz,Soda,,0,1.49,100
08304633413,ICE MOUNTAIN 3LTR SPRING WATER,Soda,,2.07,3.99,48.1
62022120003,JONES ORANGE,Soda,,0,1.99,100
62022120009,Jones,Soda,,0,1.99,100
62022120020,Jones,Soda,,0,1.99,100
62022120001,Jones,Soda,,0,1.99,100
62022120008,Jones root beer,Soda,,0,1.99,100
61126900226,"Juneberry,SugarFree,12OZ",Soda,,0,3.79,100
07084703694,KHAOTIC MONSTER,Soda,,0,3.39,100
01200018032,KICK START PINEAPPLE,Soda,,0,1.99,100
86001327041,KOOL-AID SODA BLUERASBERRY,Soda,,0,1.69,100
86001327040,KOOL-AID SODA CHERRY,Soda,,0,1.69,100
86001327048,KOOL-AID SODA GRAPE,Soda,,0,1.69,100
86001327043,KOOL-AID SODA ORANGE,Soda,,0,1.69,100
86001327042,KOOL-AID SODA SHARKLEBERRY,Soda,,0,1.69,100
01200018387,Kick Start MNT Dew Black Cherry,Soda,,0,2.49,100
01200004300,Kick Start MNT Dew Black Cherry,Soda,,0,2.49,100
01200011044,Kickstarter Citrus,Soda,,0,3.39,100
02843539135,Klarnrunn 24pk 16.9ox,Soda,,0,6.99,100
01200016115,LIFE WATER 33.8OZ,Soda,,0,3.09,100
01200016116,Life Water Pure Water 23.7oz,Soda,,0,2.09,100
85003170018,Liquid Death,Soda,,0,2.19,100
85003170022,Liquid Death,Soda,,0,2.19,100
85003170007,Liquid Death,Soda,,0,2.19,100
84044220023,Liquid Death,Soda,,0,2.19,100
07084700030,MONSTER ENERGY 12oz Green,Soda,,0,2.49,100
81515402701,MONSTER RGN WTMLN SOUR G,Soda,,0,3.29,100
07084790026,MONSTER ULT RWB RAZZ LTO,Soda,,0,3.39,100
07084702732,MONSTER ULTRA VIOLET 16 Z,Soda,,0,3.39,100
01200025087,MOUNTAINDEW DIRTY DEW 20OZ,Soda,,0,2.49,100
04900056109,MR PIBB 20OZ,Soda,,0,1.79,100
04900056253,MR PIBB THRILLIN VAN 20O,Soda,,0,1.79,100
01200025076,MUG FLOAT ZS VANILLA,Soda,,0,1.99,100
04900001679,Mello Yello 20 oz,Soda,,0,1.89,100
02500005801,Minute Maid  Lemonade 20oz,Soda,,0,1.89,100
07084700003,Monster 16oz,Soda,,0,3.39,100
07084781271,Monster 16oz,Soda,,0,3.39,100
07084781260,Monster 16oz,Soda,,0,3.39,100
07084781251,Monster 16oz,Soda,,0,3.39,100
07084781126,Monster 16oz,Soda,,0,3.39,100
07084781116,Monster 16oz,Soda,,0,3.39,100
01200011046,Monster 16oz,Soda,,0,3.39,100
07084701247,Monster 16oz,Soda,,0,3.39,100
07084789814,Monster 16oz,Soda,,0,3.39,100
07084789615,Monster 16oz,Soda,,0,3.39,100
07084789618,Monster 16oz,Soda,,0,3.39,100
07084789185,Monster 16oz,Soda,,0,3.39,100
07084702901,Monster 16oz,Soda,,0,3.39,100
07084703308,Monster 16oz,Soda,,0,3.39,100
07084701770,Monster 24oz,Soda,,0,4.69,100
07084781124,Monster 24oz,Soda,,0,4.69,100
07084702090,Monster Energy Green 16 oz,Soda,,0,3.39,100
07084702402,Monster Java  Salted Caramel,Soda,,0,3.39,100
07084702290,Monster Juice Pipeline Punch,Soda,,0,3.39,100
07084702942,Monster Peachy Keen,Soda,,0,3.39,100
07084703754,Monster Ultra Zero 12oz,Soda,,0,2.49,100
07084789824,"Monster, Blue Hawaiian",Soda,,0,3.39,100
07084789832,"Monster, Viking Berry",Soda,,0,3.39,100
07084789843,"Monster,LocaMoca,KillerBrew",Soda,,0,3.39,100
07084789840,"Monster,MeanTriple",Soda,,0,3.39,100
01200024075,Mountain DEW BAJA CABO 20 OZ,Soda,,0,2.49,100
01200080996,Mountain Dew 12 pk cans,Soda,,0,8.99,100
01200000085,Mountain Dew Can 12 oz,Soda,,0,0.89,100
01200000166,Mountain Dew Can 12 oz,Soda,,0,0.89,100
04900056114,Mr. Pibb 20oz,Soda,,0,1.79,100
01200020514,Mt Dew Baja 1.25ltr,Soda,,0,2.29,100
01200000224,Mt Dew Code Red 20oz,Soda,,0,2.49,100
01200002721,MtDew16oz,Soda,,0,1.99,100
01200018338,Mtn Dew Baja Zero,Soda,,0,2.49,100
01200000910,Mug Root Beer 20 oz,Soda,,0,1.99,100
01200014094,My Dew 1.25ltr,Soda,,0,2.29,100
81515402000,NOS 16oz,Soda,,0,3.39,100
02800027639,Nesqite,Soda,,0,1.89,100
02800077212,Nesquik Chocolate Milk 14oz,Soda,,0,1.89,100
02800051575,Nesquik Strawberry 14oz,Soda,,0,1.89,100
01200007175,Ocean Spray Apple15.2oz,Soda,,0,2.49,100
01200002138,Ocean Spray Cran Grape 15.2oz,Soda,,0,1.99,100
01200002136,Ocean Spray Crannberry15.2oz,Soda,,0,2.49,100
01200007174,Ocean Spray Orange Juice 15.2,Soda,,0,2.49,100
07084703191,PACIFIC PUNCH,Soda,,0,3.39,100
01200000311,PEPSI WILD CHERRy 2ltr,Soda,,0,3.49,100
04900004325,PIBB ZERO,Soda,,0,1.49,100
04900002820,PINEAPPLE FANTA,Soda,,0,1.69,100
81006371007,POPPI CHERRY LIME,Soda,,0,2.99,100
04900007932,POWERADE,Soda,,0,2.39,100
04900007935,POWERADE,Soda,,0,2.69,100
04900007938,POWERADE,Soda,,0,2.39,100
81011612762,PRIME HYDR COLLECT 16.9,Soda,,0,2.79,100
04900055769,Peace Tea,Soda,,0,1.59,100
04900055771,Peace Tea,Soda,,0,1.59,100
04900055773,Peace Tea,Soda,,0,1.59,100
04900055775,Peace Tea,Soda,,0,1.59,100
04900007154,Peak Extra Sweet Tea,Soda,,0,2.69,100
01200000297,Pepsi 1 Ltrs,Soda,,0,2.89,100
01200000294,Pepsi 1 Ltrs,Soda,,0,2.89,100
01200000318,Pepsi 1 Ltrs,Soda,,0,2.89,100
01200080994,Pepsi 12 pk cans,Soda,,0,8.99,100
01200003028,Pepsi 16oz tall can,Soda,,0,1.99,100
01200000013,Pepsi Can 12 oz,Soda,,0,0.89,100
01200014092,Pepsi Cola 1.25ltr,Soda,,0,2.29,100
01200000233,Pepsi Products 2 Liter,Soda,,0,3.49,100
01200000230,Pepsi Products 2 Liter,Soda,,0,3.49,100
01200080999,Pepsi Wild Cherry 12 pk cans,Soda,,0,8.99,100
01200024080,"Pepsi, WildCherry+Cream",Soda,,0,2.79,100
01200017174,Pepsiand Mnt Dew Sodas Special,Soda,,0,2.49,100
01200013027,Pepsiand Mnt Dew Sodas Special,Soda,,0,2.49,100
01200019143,Pepsiand Mnt Dew Sodas Special,Soda,,0,2.49,100
01200022151,Pepsiand Mnt Dew Sodas Special,Soda,,0,2.49,100
01200022303,Pepsiand Mnt Dew Sodas Special,Soda,,0,2.49,100
01200022307,Pepsiand Mnt Dew Sodas Special,Soda,,0,2.49,100
01200001880,Pepsiand Mnt Dew Sodas Special,Soda,,0,2.49,100
01200081131,Pepsiand Mnt Dew Sodas Special,Soda,,0,2.49,100
01200000129,Pepsiand Mnt Dew Sodas Special,Soda,,0,2.49,100
01200000131,Pepsiand Mnt Dew Sodas Special,Soda,,0,2.49,100
01200000134,Pepsiand Mnt Dew Sodas Special,Soda,,0,2.49,100
01200000559,Pepsiand Mnt Dew Sodas Special,Soda,,0,2.49,100
01200002862,Pepsiand Mnt Dew Sodas Special,Soda,,0,2.49,100
04900002979,Pibb Xtra 20 oz,Soda,,0,0.99,100
81006371170,Poppi Alpine Blast prebiotic,Soda,,0,2.99,100
70958651489,Poppi Raspberry Rose,Soda,,0,2.99,100
04900056058,Powerade Power Water 20oz,Soda,,0,1.79,100
04900056056,Powerade Power Water 20oz,Soda,,0,1.79,100
04900056062,Powerade Power Water 20oz,Soda,,0,1.79,100
04900056060,Powerade Power Water 20oz,Soda,,0,1.79,100
07273026411,"Prairie farms, Strawberry",Soda,,0,2.19,100
85000356045,Prime,Soda,,0,2.79,100
85004042710,Prime,Soda,,0,2.79,100
85000356097,Prime,Soda,,0,2.79,100
85004042726,Prime,Soda,,0,2.79,100
85004042727,Prime,Soda,,0,2.79,100
85004042751,Prime,Soda,,0,2.79,100
81011612344,Prime,Soda,,0,2.79,100
81011612350,Prime,Soda,,0,2.79,100
81011612132,Prime,Soda,,0,2.79,100
81011612586,Prime,Soda,,0,2.79,100
85004042708,Prime,Soda,,0,2.79,100
81011612630,Prime,Soda,,0,2.79,100
81011612546,Prime,Soda,,0,2.79,100
81011612713,Prime Hydration Coconut,Soda,,0,2.79,100
81011612880,Prime KSI,Soda,,0,2.79,100
81011612448,"Prime, Freeze",Soda,,0,2.79,100
81011612680,"Prime, Future Freeze",Soda,,0,2.79,100
81011612442,"Prime,MetaMoon",Soda,,0,2.79,100
81011612548,"PrimeIce,RedChill",Soda,,0,2.79,100
05200070779,Propel 20 oz,Soda,,0,2.39,100
05200001358,Propel Zero Berry 20 oz,Soda,,0,2.39,100
05200070777,Propel Zero Berry 20 oz,Soda,,0,2.39,100
05200070778,Propel Zero Kiwi Strawberry 20 oz,Soda,,0,2.39,100
05200005059,Propel grape,Soda,,0,339,100
09800010043,Pure Leaf Sweet Tea 18.5fl oz.,Soda,,0,2.59,100
09800010035,Pure Leaf Teas 18.5 oz,Soda,,0,2.59,100
01200028620,Pure Leaf Teas 18.5 oz,Soda,,0,2.59,100
01200028617,Pure Leaf Teas 18.5 oz,Soda,,0,2.59,100
01200028619,Pure Leaf Teas 18.5 oz,Soda,,0,2.59,100
01200028622,Pure Leaf Teas 18.5 oz,Soda,,0,2.59,100
61126900364,RED BULL 2026 SUMMER EDI 12OZ,Soda,,0,3.79,100
61126900244,RED BULL ICDVNBR SF 12CN,Soda,,0,3.79,100
61126900206,RED BULL WATERMELON SF 12Z,Soda,,0,2.99,100
61126962372,REDBULL 8OZ,Soda,,0,2.69,100
61126933282,REDBULL SUMMER,Soda,,0,3.79,100
61126916345,REDBULL YELLOW 8OZ,Soda,,0,2.99,100
81515402166,REIGN ENERGY,Soda,,0,3.19,100
81809400574,ROCKSTAR FRUIT PUNCH,Soda,,0,2.89,100
81809400587,ROCKSTAR LIME 16OZ,Soda,,0,2.89,100
61126981899,Red Bull 12oz,Soda,,0,3.79,100
61126900184,Red Bull 12oz,Soda,,0,3.79,100
61126932121,Red Bull 12oz,Soda,,0,3.79,100
61126910802,Red Bull 4Pk 8.4oz,Soda,,0,9.99,100
61126923568,Red Bull 8.4oz,Soda,,0,2.99,100
61126999100,Red Bull 8.4oz,Soda,,0,2.99,100
61126900246,Red Bull 8.4oz,Soda,,0,2.99,100
61126900186,Red Bull 8.4oz,Soda,,0,2.99,100
61126900214,Red Bull AMBER 12OZ,Soda,,0,3.79,100
61126918246,Red Bull Blue 12oz,Soda,,0,3.79,100
61126900192,Red Bull Energy 12 oz,Soda,,0,3.79,100
61126900164,Red Bull Energy 12 oz,Soda,,0,3.79,100
61126954601,Red Bull Energy 16 oz,Soda,,0,4.49,100
61126900194,Red Bull Energy 8.4 oz,Soda,,0,2.99,100
61126900162,Red Bull Energy 8.4 oz,Soda,,0,2.99,100
61126913344,Red Bull Energy Drink 20 oz,Soda,,0,4.49,100
6920202866737,Red Bull Exotic,Soda,,0,4.99,100
61126900203,Red Bull S.F. 8.4oz,Soda,,0,2.99,100
61126900224,Red Bull SF Sea Blue Juneberry 8.4OZ,Soda,,0,2.99,100
61126900304,Red Bull SF Wild Berries 12oz,Soda,,0,3.79,100
61126900292,Red Bull SF Winter Edition 8.4oz,Soda,,0,2.99,100
61126971646,Red Bull Sugar Free 12 oz,Soda,,0,3.79,100
61126954602,Red Bull Sugar Free 16 oz,Soda,,0,4.49,100
61126913345,Red Bull Sugar Free 20oz,Soda,,0,4.49,100
61126910171,Red Bull Sugar Free Energy 8.4 oz,Soda,,0,2.99,100
61126900276,Red Bull Sugar Free Summer Edition 12oz,Soda,,0,3.79,100
61126900270,Red Bull Summer Edition 12oz,Soda,,0,3.79,100
61126900268,Red Bull Summer Edition 8.4oz,Soda,,0,2.99,100
61126911357,Red Bull Yellow 12oz,Soda,,0,3.79,100
61126962373,Red Bull Zero 12oz,Soda,,0,3.79,100
61126900372,Red Bull summer sugar free,Soda,,0,3.79,100
85003170089,Red Death,Soda,,0,2.69,100
61126900128,RedBull Straw-Ap 8.4OZ,Soda,,0,2.99,100
61126900130,RedBull Straw-Apr 12OZ,Soda,,0,3.79,100
61126900302,"RedBull, Sugar Free",Soda,,0,2.99,100
61126900310,"RedBull,Purple",Soda,,0,2.99,100
61126900312,"RedBull,WildBerry 12OZ",Soda,,0,3.79,100
81515402141,Reign Reignbow Sherbet,Soda,,0,3.29,100
81515402326,Reign Wht Gummy Bear,Soda,,0,3.29,100
81515402190,Reign orange dreamsicle,Soda,,0,3.29,100
81515402677,"Reign, White Haze",Soda,,0,3.29,100
81515402671,ReignStorm,Soda,,0,2.79,100
01200024062,RicKSTaRter PiNA COLADA 16,Soda,,0,2.89,100
81809400589,"Rockstar,WhippedStrawberry",Soda,,0,2.99,100
78616233800,SMART-GLACEAU WATER,Soda,,0,2.29,100
04900055567,SPRITE CHILL CHRY LMEADE 20OZ,Soda,,0,2.09,100
04900055893,SPRITE TEA 20oz,Soda,,0,2.79,100
04900008116,SPRITE WINTER MIX,Soda,,0,1.89,100
04900003719,SPRITE ZERO,Soda,,0,2.79,100
04900003711,SPRITE ZERO DIET 12PK,Soda,,0,8.99,100
09810010099,STARBUCKS ICED TRPCL PCH 12Z,Soda,,0,4.39,100
01200001672,STARBUCKS caramel,Soda,,0,4.39,100
85005007123,SURFSIDE STRA LEMON  VODKA 4PK,Soda,,0,11.99,100
78616200151,Smart Water 23.5 oz,Soda,,0,1.69,100
07618300310,Snapple,Soda,,0,1.99,100
07618300313,Snapple,Soda,,0,1.99,100
07618300328,Snapple,Soda,,0,1.99,100
04900005374,Sprite 16 oz,Soda,,0,1.99,100
04900005343,Sprite 16 oz,Soda,,0,1.99,100
04900002319,Sprite 1lt,Soda,,0,3.29,100
04900005015,Sprite 2 Liter,Soda,,0,3.49,100
04900007872,Sprite Lymonade,Soda,,0,2.79,100
07800001640,Squirt 20oz,Soda,,0,1.89,100
01200015109,Starbucks Coffee Frappuccino 13.7 oz,Soda,,0,4.39,100
01200002849,Starbucks Doubleshot Coffee 15 oz,Soda,,0,4.39,100
01200000177,Starbucks Doubleshot Expresso,Soda,,0,4.39,100
01200002845,Starbucks Doubleshot Mocha 15 oz,Soda,,0,4.39,100
01200022176,Starbucks Doubleshot Mocha 15 oz,Soda,,0,4.39,100
01200003848,Starbucks Doublshot White choco,Soda,,0,4.39,100
01200081331,Starbucks Frappuccino Vanilla 20 oz,Soda,,0,4.39,100
01200000452,Starbucks Moch Frappuccino 13.7 oz,Soda,,0,4.39,100
09810010009,Starbucks Pink and Paradise,Soda,,0,3.79,100
01200016010,Starbucks Pumpkin Spice 13.7oz,Soda,,0,4.39,100
81003051913,Strawberry Alani,Soda,,0,2.79,100
07800011340,Sunkist Orange 20 oz,Soda,,0,1.79,100
07800002040,Tahitian,Soda,,0,1.89,100
02500000021,Tropicana Simply,Soda,,1.59,3.49,54.4
02500000018,Tropicana Simply,Soda,,0,3.49,100
02500000024,Tropicana Simply,Soda,,1.59,3.49,54.4
78616215000,VITamin WaTeR XXX 20 OZ,Soda,,0,2.99,100
07800002375,Venom Death Fruit Punch,Soda,,0,1.49,100
71941028801,Vital,Soda,,0,3.69,100
78616208000,Vitamin Water Energy 20 oz,Soda,,0,2.99,100
78616204000,Vitamin Water Essential 20 oz,Soda,,0,2.99,100
78616201000,Vitamin Water Power C 20 oz,Soda,,0,2.99,100
78616241186,VitaminWater 20oz,Soda,,0,2.99,100
61126933124,WATERMELON 8.4 REDBULL,Soda,,0,2.98,100
88399010128,WATERMELON BERRY TWIST,Soda,,0,4.29,100
07235000011,YAHOO,Soda,,0,1.39,100
07800005240,a and w root beer,Soda,,0,1.89,100
81003051917,alani,Soda,,0,2.79,100
81003051002,alani,Soda,,0,2.79,100
81003051850,alani,Soda,,0,2.79,100
81369402671,bai,Soda,,0,2.19,100
61076401784,bang orange,Soda,,0,3.19,100
61076402849,bang straw kiss,Soda,,0,3.19,100
05200005058,berry liter propel,Soda,,0,2.79,100
81011970333,black rifle,Soda,,0,2.89,100
81001926323,black rifle,Soda,,0,2.89,100
81001926322,black rifle,Soda,,0,2.89,100
07800003520,blue lemon,Soda,,0,1.39,100
02843560045,bubbler,Soda,,0,2.79,100
84259510661,c4,Soda,,0,3.19,100
84259510659,c4,Soda,,0,3.19,100
84259513125,c4,Soda,,0,3.19,100
84259513495,c4,Soda,,0,3.19,100
84259513497,c4,Soda,,0,3.19,100
84259513496,c4,Soda,,0,3.19,100
84259512175,c4,Soda,,0,3.19,100
84259512176,c4,Soda,,0,3.19,100
88939200032,celicus,Soda,,0,2.79,100
88939201001,celicus,Soda,,0,2.79,100
88939200031,celicus,Soda,,0,2.79,100
88939201019,celicus,Soda,,0,2.79,100
88939202139,celicus,Soda,,0,2.79,100
88939201014,celicus,Soda,,0,2.79,100
88939200362,celicus,Soda,,0,2.79,100
88939202141,celicus,Soda,,0,2.79,100
88939200086,celsius,Soda,,0,2.79,100
04900056164,cheery coke float 12pk,Soda,,0,8.99,100
04900000027,coke Cherry Diet 20z,Soda,,0,2.79,100
85300400495,core sport cap,Soda,,0,1.69,100
75956961030,distilled h2o,Soda,,1.74,2.39,27.2
01200019006,dole fruit punch,Soda,,0,2.49,100
01200006449,dole lemonade,Soda,,0,1.99,100
01200006450,dole strw lemon,Soda,,0,1.99,100
07800003530,dr pepper zero,Soda,,0,1.89,100
07800003767,dr.p straw and cream,Soda,,0,1.49,100
07929840011,evian sport,Soda,,0,1.69,100
04900002620,fanta strawberry,Soda,,0,1.89,100
05200006340,gaterade,Soda,,0,3.39,100
05200006342,gaterade,Soda,,0,3.39,100
05200005798,gaterade,Soda,,0,3.39,100
05200005499,gator lyte,Soda,,0,3.39,100
05200004791,gator lyte,Soda,,0,3.39,100
05200004900,gator lyte,Soda,,0,3.39,100
05200005082,gator lyte,Soda,,0,3.39,100
81002829772,ghost,Soda,,0,2.19,100
81002829773,ghost,Soda,,0,2.19,100
81002829598,ghost,Soda,,0,2.19,100
81002829330,ghost,Soda,,0,2.19,100
81002829329,ghost,Soda,,0,2.19,100
81012852819,ghost,Soda,,0,3.19,100
81012852006,ghost,Soda,,0,3.19,100
81008581909,ghost,Soda,,0,3.19,100
81008581220,ghost sour green apple,Soda,,0,3.19,100
88399010127,good to grow,Soda,,0,4.29,100
81515402009,grape nos,Soda,,0,3.39,100
84044220093,liquid deaths killbert grape,Soda,,0,2.69,100
07084703775,monster recovery,Soda,,0,3.39,100
81515402597,nos giat,Soda,,0,3.39,100
81515402482,nos giat,Soda,,0,3.39,100
07084789080,orange dream,Soda,,0,3.39,100
07273026453,pb milk,Soda,,0,2.19,100
01200001879,pepsi zero 12 pk,Soda,,0,8.99,100
07673712456,pineapple juice,Soda,,0,2.99,100
04900007940,powerade right one,Soda,,0,2.69,100
05200005060,propel  kiwi liter,Soda,,0,2.79,100
05200004274,propel mang 0,Soda,,0,2.39,100
05200005270,propel passion fruit,Soda,,0,2.49,100
05200004749,propel watermelon,Soda,,0,2.39,100
61126904489,red bull 4pk,Soda,,0,10.99,100
81515402775,reign apple,Soda,,0,3.29,100
81515402548,reign new,Soda,,0,2.79,100
81515402545,reign new,Soda,,0,2.79,100
81515402551,reign storm,Soda,,0,2.79,100
81515402627,reign storm,Soda,,0,2.79,100
81515402630,reign storm,Soda,,0,2.79,100
81515402614,reign storm,Soda,,0,2.79,100
81809400581,rockstar 0,Soda,,0,2.89,100
81809400579,rockstar recovery,Soda,,0,2.89,100
07800005216,root beer 12pk,Soda,,0,7.99,100
07297900417,segreams ginger a.le,Soda,,0,1.79,100
07800000913,soda,Soda,,0,0.99,100
09810010040,strabuks cold,Soda,,0,4.39,100
09810010030,strabuks cold,Soda,,0,4.39,100
78616207000,vitamin water kiwi,Soda,,0,2.99,100
84242618790,4 KS CGRLO GR SWEET,Tobacco,,0,1.29,100
84242618787,4k blueberry pineapple,Tobacco,,0,1.29,100
84242618778,4k white grape,Tobacco,,0,1.29,100
84017061802,6mg velo wintergreen,Tobacco,,6.16,6.99,11.9
85316800648,ADDALL XR 2 750mg,Tobacco,,0,4.99,100
07019559016,Americas Best Original,Tobacco,,0,13.99,100
07013783232,"B and M Plastic, Wine",Tobacco,,0,1.69,100
07013711555,"B+M,Royale",Tobacco,,0,1.19,100
07161030183,BACKWOODS HONEY 5PK,Tobacco,,7.33,8.99,18.5
4895257201654,BC 5000 pod,Tobacco,,0,14.99,100
07033060006,BIC LIGHTER GEOMETRICS,Tobacco,,1.22,2.59,52.9
07161021245,BKWS SELECT KNTUKY SMAL 1,Tobacco,,0,6.59,100
85809900349,BLU CHERRY CRUSH-DISPOSA,Tobacco,,0,12.59,100
07161030186,Backwoods Wild/Mild Honney Berry Cigars,Tobacco,,7.33,7.99,8.3
07013783982,BandM $NICE WOOD TIP JAZZ 1,Tobacco,,0,1.79,100
07013783202,BandM PT ORG 1PK $1.19 260,Tobacco,,1.19,1.19,0
07013710525,Black and Mild,Tobacco,,0,1.79,100
07013783962,Black and Mild Orig Plastic Tip 5pk,Tobacco,,0,8.99,100
07013711121,Black and Mild PlasticTip,Tobacco,,0,1.79,100
07013710018,Black and Mild Single,Tobacco,,1.4,1.79,21.8
07013710523,Black and Mild Single Wine,Tobacco,,0,1.79,100
07013783902,Black and Mild WT 5PK,Tobacco,,0,8.99,100
07013700525,Black/Mild Wood Tip 5pk,Tobacco,,0,6.99,100
07013700018,Blackand Mild 5 pk,Tobacco,,0,6.99,100
07013700038,Blackand Mild Milds 5pk,Tobacco,,0,6.99,100
07013700023,Blackand Mild Wine 5 pk,Tobacco,,6.99,8.99,22.2
07013700529,Blackand Mild Wine Wood Tip 5 pk,Tobacco,,7.74,8.99,13.9
85965400200,Blu E. Cig. Menthol,Tobacco,,7.55,12.59,40
00866000002,CIG PAPER 1.25 FRNCH ORA,Tobacco,,2.17,3.69,41.2
00866000776,CIG PAPER-CONE K.S. 3PK,Tobacco,,0.95,1.59,40.3
07310002589,COPENHAGEN WINTERGREEN LONG CUT ROLL,Tobacco,,37.23,50,25.5
01230000040,Camel Large Snus Frost,Tobacco,,8.58,8.99,4.6
01230000070,Camel Snus Frost,Tobacco,,0,8.99,100
01230000023,Camel Snus Mellow,Tobacco,,0,8.99,100
01230000088,Camel Snus Mint,Tobacco,,0,8.99,100
01230000068,Camel Snus Winterchill,Tobacco,,8.58,8.99,4.6
85555300822,Cheap aps LIGHTER,Tobacco,,0,0.79,100
07310000264,Cope spitfire,Tobacco,,7.45,3.49,-113.5
07310000263,Cope spitfire,Tobacco,,7.45,3.49,-113.5
07310000121,Copenhagen Long Cut Original,Tobacco,,8.39,8.99,6.7
07310000876,Copenhagen Long Cut Wintergreen,Tobacco,,7.45,11.59,35.7
07310000036,Copenhagen Mint LC,Tobacco,,7.45,7.99,6.8
07310000039,Copenhagen Mint Pouches,Tobacco,,7.45,7.99,6.8
07310000107,Copenhagen Snuff,Tobacco,,8.39,8.99,6.7
07310000882,Copenhagen Straight Long Cut,Tobacco,,7.45,7.99,6.8
07310000055,Copenhagen Wintergreen Pouches,Tobacco,,0,7.99,100
07161049612,D.M. DUTCH HONEY FUSION,Tobacco,,1.52,2.59,41.3
02590020535,DIAMOND SWISHER,Tobacco,,1.46,1.49,2
07161021247,DUTCH BLUE RAZZ,Tobacco,,0,259,100
07161020358,DUTCH GOLD FUS CGR SO2,Tobacco,,0,2.59,100
07161020375,Dutch,Tobacco,,0,1.49,100
07161020371,Dutch,Tobacco,,0,1.49,100
07161020373,Dutch,Tobacco,,0,1.49,100
85319500046,Eagle Torch Lighter,Tobacco,,0,2.49,100
03170005876,GAME LEAF DARK,Tobacco,,0,2.09,100
03170004969,GAME SAVE 0N 2,Tobacco,,0,1.59,100
81016428181,GEEK BAR 3D PINK and BLUE,Tobacco,,0,21.99,100
02590020748,GRAPE RELLO,Tobacco,,0,1.49,100
04210000910,GRIZZLY LC MINT,Tobacco,,0,7.99,100
04210000886,GRIZZLY LC STRAIGHT,Tobacco,,7.28,7.99,8.9
04210000871,GRIZZLY LC WG,Tobacco,,7.28,7.99,8.9
04210004570,GRIZZLY NIC-POUCH MINT,Tobacco,,6.39,7.99,20
04210000543,GRIZZLY WG POUCHES,Tobacco,,7.28,7.99,8.9
03170004923,Game 2 for .99,Tobacco,,0,0.99,100
03170004938,Game 2 for .99,Tobacco,,0,0.99,100
81012543990,Geek Bars Sour Straws 25k Puffs,Tobacco,,0,21.99,100
81012543588,Geek bar white gummy ice,Tobacco,,0,17.99,100
84920502222,Golden Tobacco 1PK 5%,Tobacco,,0,11.99,100
84920502219,Golden Tobacco 1PK 5%,Tobacco,,0,11.99,100
84920503401,Golden tobacco 2.4nic  6pods,Tobacco,,0,49.99,100
04210001122,Grizzly Dark Wintergreen,Tobacco,,0,7.99,100
04210001125,Grizzly Dark Wintergreen Pouches,Tobacco,,0,7.99,100
04210002056,Grizzly Snus ArticBlue,Tobacco,,0,7.99,100
04210002053,Grizzly Snus WG,Tobacco,,0,7.99,100
04210004561,Grizzly pouch southern 9 mg,Tobacco,,0,7.99,100
04210004564,Grizzly southern nicotine pouches,Tobacco,,0,7.99,100
08069295160,HALPERN JET FLAME LIGHTER,Tobacco,,3,4.49,33.2
07310000113,HUSKY FCN,Tobacco,,0,6.99,100
07310000026,HUSKY LC MINT,Tobacco,,0,6.99,100
07310000027,HUSKY LC STRAIGHT,Tobacco,,0,6.99,100
07310000115,HUSKY LC WINTERGREEN,Tobacco,,0,6.99,100
84004820296,JUUL MENTHOL PODS 3.0%,Tobacco,,0,28.99,100
81991301174,JUUL VIRGINA 4pk 3%,Tobacco,,21.24,28.99,26.7
81991301543,Juul device kit,Tobacco,,0,13.99,100
03330000054,KAYAK LC APPLE 10CT,Tobacco,,3.2,5.09,37.1
84242618784,KIWI BERRY CIGARILLOS,Tobacco,,0,1.29,100
09050000087,KOOL BLUE BOX 100S,Tobacco,,0,10.79,100
04210000294,Kodiak Wintergreen,Tobacco,,8.78,9.99,12.1
04210000964,Kodiak Wintergreen Pouches,Tobacco,,8.78,8.99,2.3
76244646264,LONGHORN LC STR PP,Tobacco,,0,3.99,100
76244649355,LONGHORN MINT POUCH,Tobacco,,3.75,5.99,37.4
04210000771,Levi Garrett Chewing Tobacco 3 oz,Tobacco,,31.2,34.99,10.8
76244644000,Longhorn Long Cut Mint,Tobacco,,3.75,5.99,37.4
76244642000,Longhorn Long Cut Straight,Tobacco,,3.75,5.99,37.4
76244640000,Longhorn Long Cut Wintergreen,Tobacco,,3.75,5.99,37.4
76244649205,Longhorn Straight Pouches,Tobacco,,3.75,5.98,37.3
76244649005,Longhorn Wintergreen Pouches,Tobacco,,3.75,5.99,37.4
76957792135,Loose leaf cookies and cream,Tobacco,,2.39,2.99,20.1
81015986344,Loose leaf cookies cinnamon milk,Tobacco,,2.39,2.99,20.1
09050001002,Maverick Reds100s,Tobacco,,0,8.49,100
86000421814,Mighty Kind,Tobacco,,0,9.99,100
81068702088,"NJOY,E-Cig 4.5%",Tobacco,,0,6.99,100
85502200522,ON 2MG CINNAMON,Tobacco,,5.14,5.99,14.2
85502200520,ON 2MG CITRUS,Tobacco,,0,4.29,100
85502200518,ON 2MG MINT,Tobacco,,5.14,4.29,-19.8
85502200517,ON 2MG WINTERGREEN,Tobacco,,5.14,4.29,-19.8
85502200528,ON 4MG CINNAMON,Tobacco,,0,4.29,100
85502200526,ON 4MG CITRUS,Tobacco,,5.14,4.29,-19.8
85502200524,ON 4MG MINT,Tobacco,,0,4.29,100
85502200534,ON 8MG CINNAMON,Tobacco,,5.14,4.29,-19.8
85502200532,ON 8MG CITRUS,Tobacco,,0,4.29,100
85502200529,ON 8MG WINTERGREEN,Tobacco,,5.14,4.29,-19.8
85502200521,ON NICOTINE POUCHES 2MG,Tobacco,,5.14,7.89,34.9
84009570012,ON PLUS POUCHES 9MG WINT,Tobacco,,6.16,9.29,33.7
85502200527,ON! 4MG,Tobacco,,5.14,5.99,14.2
85502200523,ON! 4MG,Tobacco,,5.14,5.99,14.2
85502200530,ON! 8MG,Tobacco,,0,5.99,100
01835560001,PURE ENERGY NOW,Tobacco,,0,0.99,100
07310001065,RED SEAL,Tobacco,,35.03,50,29.9
07310001066,RED SEAL NATURAL FINE CUT ROLL,Tobacco,,35.03,50,29.9
07310001188,RED SEAL WINTER FINE,Tobacco,,35.03,50,29.9
84004520087,ROGUE NICO 6MG SPEARMINT Can,Tobacco,,0,7.49,100
84004520069,ROGUE PEPPERMINT POUCHES,Tobacco,,6.16,9.29,33.7
84004520075,ROGUE WINTERGREEN POUCHES,Tobacco,,6.16,7.49,17.8
6978269661574,Raz Vue 50k White Gummy,Tobacco,,0,21.99,100
07310000174,Red Seal Fine Cut,Tobacco,,7.01,7.99,12.3
07310000185,Red Seal Fine Cut,Tobacco,,7.01,7.99,12.3
07310000173,Red Seal Long Cut Wintergreen,Tobacco,,7.01,7.99,12.3
79213834679,Rhino King Gummy,Tobacco,,0,7.99,100
6971982165848,Rifbar 40k PPM,Tobacco,,0,24.99,100
03790099144,Ronson Butane 2.75 oz,Tobacco,,0,4.19,100
9555755800043,Royal Honey,Tobacco,,0,2.49,100
07310001095,SKAOL WINTER LONG,Tobacco,,43.08,19.45,-121.5
07310001285,SKOAL APPLE LONG,Tobacco,,0,999999.99,100
07310001908,SKOAL APPLE POCHES ROLL,Tobacco,,43.08,999999.99,100
07310001185,SKOAL MINT POUCHES,Tobacco,,43.08,999999.99,100
07310001105,SKOAL SPEARMINT ROLL,Tobacco,,43.08,999999.99,100
79995333124,STOKERS LC STRAIGHT,Tobacco,,0,7.99,100
79995332124,STOKERS MINT,Tobacco,,5.04,7.99,36.9
79995331024,STOKERS WINTERGREEN,Tobacco,,0,7.99,100
02590023549,SWISH BLK TIP CIGARILLO B,Tobacco,,0,1.79,100
02590023547,SWISH BLK TIP CIGARILLO G,Tobacco,,0,1.79,100
02590000181,SWISHER SWT BLK TIP SMOO,Tobacco,,1.55,1.69,8.3
07310000591,Skoal Apple Blend Pouch,Tobacco,,8.62,8.96,3.8
07310000480,Skoal Long Cut Apple Blend,Tobacco,,0,8.96,100
07310000088,Skoal Long Cut Mint,Tobacco,,8.62,8.96,3.8
07310000288,Skoal Long Cut Spearmint,Tobacco,,8.62,8.96,3.8
07310000060,Skoal Long Cut Straight,Tobacco,,8.62,8.96,3.8
07310000148,Skoal Long Cut Wintergreen,Tobacco,,8.62,8.96,3.8
07310000457,Skoal Mint Pouches,Tobacco,,8.62,8.96,3.8
07310000137,Skoal Original Fine Cut Wintergreen,Tobacco,,8.62,8.96,3.8
07310000892,Skoal Smooth Mint Snus,Tobacco,,0,8.96,100
07310000319,Skoal Wintergreen Pouches,Tobacco,,8.62,8.96,3.8
07310000272,Skoal Xtra Mint Blend,Tobacco,,0,8.96,100
07310000168,Skoal Xtra Mint Blend Pouches,Tobacco,,8.62,8.96,3.8
07310000170,Skoal Xtra Wintergreen Blend Long Cut,Tobacco,,0,8.96,100
07310000167,Skoal Xtra Wintergreen Blend Pouches,Tobacco,,8.62,8.96,3.8
07033000002,Small Bic Lighter,Tobacco,,1.09,2.19,50.2
79995322120,"Stokers,Mint Tub",Tobacco,,22.81,19.99,-14.1
07013721372,Sweets,Tobacco,,2.72,2.49,-9.2
02590020750,Swisher Green 2pk,Tobacco,,0,1.49,100
02590022077,Swisher Mini Green,Tobacco,,0,2.18,100
02590022080,Swisher Minis 3pk,Tobacco,,1.87,3.19,41.4
02590022743,Swisher Sweets BLK Smooth,Tobacco,,0,1.79,100
02590020972,Swisher silver 2pk,Tobacco,,0,1.49,100
85002469413,Torch Lighters,Tobacco,,0,3.99,100
84017061847,VELO PLUS 9MG POUCH WILD BRY,Tobacco,,6.16,6.99,11.9
84017060886,VELO PLUS PCH WNTRGRN 3M,Tobacco,,0,6.99,100
84017060889,VELO PLUS POUCH PEPPERMI,Tobacco,,6.16,6.99,11.9
84017060880,VELO PLUS POUCH SPEARMIN,Tobacco,,6.16,9.59,35.8
84017061907,VELO PLUS POUCH TROPICAL,Tobacco,,6.16,6.99,11.9
84017061844,VELO PLUS POUCH WILD BRY,Tobacco,,6.16,6.99,11.9
84017060883,VELO PLUS WLD BRY 3M,Tobacco,,0,6.99,100
84017060108,VELO WINTERGREEN POUCH 4MG,Tobacco,,0,6.99,100
84017061805,"VELO,Wintergreen 9MG",Tobacco,,6.16,6.99,11.9
84920503059,VUSE 6PK MENTHOL POD,Tobacco,,0,49.99,100
84920503002,VUSE ALTO KIT MNTHL SLT 5,Tobacco,,0,26.59,100
84920501934,VUSE ALTO POD GOLDEN 5.0,Tobacco,,18.46,21.99,16.1
84920503398,VUSE ALTO POD MENTHOL 2.,Tobacco,,39.97,49.99,20
84017061899,Velo Plus Pouch Cappuccino 6mg,Tobacco,,0,6.99,100
84017061808,Velo Plus Pouch MINT 6MG,Tobacco,,0,6.99,100
84017061817,Velo Plus Pouch SPEARMINT 9MG,Tobacco,,6.16,6.99,11.9
03170005783,WHITE OWL FF CIG WHT GRA,Tobacco,,1.13,1.19,5
03170005940,WHITE OWL TIPS 2PK,Tobacco,,0,1.69,100
09050010009,WINSTON FULL FLAVOR SHORT CARTON,Tobacco,,110.72,84.99,-30.3
09050010011,WINSTON LIGHT SHORT CARTON,Tobacco,,110.72,84.99,-30.3
03170004951,White Owl Save on 2,Tobacco,,0,1.69,100
03170005002,White Owl Save on 2,Tobacco,,0,1.69,100
03170005960,White owL,Tobacco,,0,1.49,100
09050001032,Winston Gold 100s,Tobacco,,0,8.43,100
60924998901,ZYN ARCTIC MINT 9MG,Tobacco,,6.39,6.69,4.5
60924990801,ZYN BLACK CHERRY 3MG,Tobacco,,6.23,6.69,6.9
60924990802,ZYN BLACK CHERRY 6MG,Tobacco,,6.23,6.69,6.9
60924998301,ZYN CHILL MIST 9MG,Tobacco,,6.39,6.69,4.5
60924990741,ZYN CITRUS 3 ROLL,Tobacco,,0,32.95,100
60924998501,ZYN CITRUS ZEST 9MG,Tobacco,,6.39,6.69,4.5
60924990501,ZYN DRAGONBERRY 3MG,Tobacco,,6.23,10.29,39.5
60924990502,ZYN DRAGONBERRY 6MG,Tobacco,,6.23,10.29,39.5
60924998701,ZYN FRESH SPEARMINT 9MG,Tobacco,,6.39,6.69,4.5
60924998201,ZYN MENTHOL ICE 9MG,Tobacco,,6.39,6.69,4.5
60924991100,ZYN PEACH 3MG,Tobacco,,6.23,6.69,6.9
60924991101,ZYN PEACH 6MG,Tobacco,,6.23,6.69,6.9
60924990101,ZYN PEPP 03,Tobacco,,0,6.69,100
60924990109,ZYN PEPPERMINT 6MG $1.00,Tobacco,,4.71,6.69,29.6
60924998801,ZYN PEPPERMINT FROST 9MG,Tobacco,,6.39,6.69,4.5
60924998401,ZYN SIGNATURE SMOOTH 9MG,Tobacco,,6.39,6.69,4.5
60924990205,ZYN SPEARMINT 3MG $1.00O,Tobacco,,4.71,6.69,29.6
60924990206,ZYN SPEARMINT 6MG $1.00O,Tobacco,,4.71,6.69,29.6
60924991401,ZYN Smooth 3MG,Tobacco,,6.23,6.69,6.9
60924991402,ZYN Smooth 6MG,Tobacco,,6.23,6.69,6.9
60924990201,ZYN Spearmint 3MG,Tobacco,,6.23,6.69,6.9
60924990401,ZYN Spearmint 3MG,Tobacco,,0,6.69,100
60924998911,ZYN ULTRA ARTIC MINT 11M,Tobacco,,6.39,7.99,20
60924998311,ZYN ULTRA CHILL MIST 11M,Tobacco,,6.39,7.99,20
60924998511,ZYN ULTRA CITRUS ZEST 11,Tobacco,,6.39,7.99,20
60924998711,ZYN ULTRA FRESH SPEARMIN,Tobacco,,6.39,7.99,20
60924998211,ZYN ULTRA MENTHOL ICE 11,Tobacco,,6.39,7.99,20
60924998811,ZYN ULTRA PEPPERMINT FRO,Tobacco,,6.39,7.99,20
60924998411,ZYN ULTRA SIGNATURE SMOO,Tobacco,,6.39,7.99,20
60924998611,ZYN ULTRA WINTERGREEN BL,Tobacco,,6.39,7.99,20
60924990301,ZYN WG 3,Tobacco,,6.23,6.69,6.9
60924990318,ZYN WINTERGREEN 6MG $1.0,Tobacco,,4.71,6.69,29.6
60924998601,ZYN WINTERGREEN BLAST 9M,Tobacco,,6.39,6.69,4.5
78476207830,Zig Zag Wraps Rillo,Tobacco,,0,0.99,100
78476207840,Zig zag rillo purple,Tobacco,,0,0.99,100
04168930049,Zippo Lighter Fluid,Tobacco,,0,3.39,100
60924992042,Zyn,Tobacco,,0,32.95,100
60924990042,Zyn,Tobacco,,31.13,32.95,5.5
60924990041,Zyn,Tobacco,,0,32.95,100
60924990641,Zyn,Tobacco,,0,32.95,100
60924990642,Zyn,Tobacco,,0,32.95,100
60924992311,Zyn,Tobacco,,0,32.95,100
60924992322,Zyn,Tobacco,,0,32.95,100
60924990701,Zyn Nicotine Pouches,Tobacco,,6.23,6.69,6.9
60924992022,Zyn Nicotine Pouches,Tobacco,,0,6.69,100
60924990402,Zyn Nicotine Pouches,Tobacco,,0,6.69,100
60924990602,Zyn Nicotine Pouches,Tobacco,,0,6.69,100
60924990003,Zyn Nicotine Pouches,Tobacco,,6.23,6.69,6.9
60924990202,Zyn Nicotine Pouches,Tobacco,,6.23,6.69,6.9
60924990103,Zyn Nicotine Pouches,Tobacco,,6.23,6.69,6.9
60924990004,Zyn Nicotine Pouches,Tobacco,,0,6.69,100
60924990302,Zyn Nicotine Pouches,Tobacco,,6.23,6.69,6.9
07161020335,backwoods vanilla 5pk,Tobacco,,0,7.99,100
07013711489,black and mild jazz $1.19,Tobacco,,0,1.19,100
02590020747,blueberry swish,Tobacco,,0,1.49,100
04210002496,cougar,Tobacco,,4.59,5.49,16.4
73172233192,delta flower,Tobacco,,0,39.99,100
84242618541,good time wraps Sweet,Tobacco,,1.49,1.79,16.8
07161020366,honey dutch,Tobacco,,0,1.29,100
81991301259,juul  menthol,Tobacco,,0,28.99,100
81991301519,juul virginia 2pk 5%,Tobacco,,0,17.99,100
07310001097,log skoal mint lon cut,Tobacco,,43.08,999999.99,100
04330010926,lucky red 100,Tobacco,,8.96,9.49,5.6
85502200533,on,Tobacco,,0,5.99,100
60924990142,peppermint,Tobacco,,31.13,24.45,-27.3
60924990141,peppermint 3 zyn,Tobacco,,0,32.95,100
85005158204,rizin,Tobacco,,0,16.99,100
85005158200,rizin,Tobacco,,0,16.99,100
07310001093,skoal fine,Tobacco,,43.08,999999.99,100
07310001478,skoal pouches,Tobacco,,43.08,999999.99,100
60924990242,spearmint 6 zyn,Tobacco,,31.13,32.95,5.5
79995321020,stokers tub,Tobacco,,0,19.99,100
84017060042,velo,Tobacco,,0,6.99,100
84017060045,velo,Tobacco,,0,6.99,100
84017060072,velo,Tobacco,,0,6.99,100
84017060078,velo,Tobacco,,0,6.99,100
84017060096,velo,Tobacco,,0,6.99,100
84017060060,velo,Tobacco,,0,6.99,100
84017060105,velo,Tobacco,,0,6.99,100
84017061826,velo,Tobacco,,0,6.99,100
84017061829,velo,Tobacco,,6.16,6.99,11.9
84017061811,velo,Tobacco,,6.16,6.99,11.9
84017061820,velo,Tobacco,,6.16,6.99,11.9
84017061823,velo,Tobacco,,6.16,6.99,11.9
84017061814,velo,Tobacco,,6.16,6.99,11.9
84017060099,velo,Tobacco,,0,6.99,100
84017060069,velo black cherry,Tobacco,,0,6.99,100
84017060063,velo spermint 4mg,Tobacco,,0,6.99,100
84920501991,vude alto 2pk 2.4%,Tobacco,,18.46,17.49,-5.5
60924990342,wintergreen zyn,Tobacco,,31.13,32.95,5.5
00866000863,zig zag mini cones,Tobacco,,1.05,1.79,41.3
78476207820,zig zag rillo bb,Tobacco,,0,0.99,100
78476207860,zig zag wrap pink,Tobacco,,1.02,0.99,-3
78476207870,zig zag wrap sweet,Tobacco,,0,0.99,100
78476207823,zig zag wraps straight up,Tobacco,,0,1.49,100
60924992001,zyn,Tobacco,,0,6.69,100
60924990241,zyn 3 spearmint,Tobacco,,31.13,32.95,5.5
60924990341,zyn 3 winter,Tobacco,,31.13,32.95,5.5
60924990601,zyn cinnaom,Tobacco,,0,6.69,100
60924990702,zyn citrus 6 mg,Tobacco,,6.23,6.69,6.9
60924990742,zyn citus6mg,Tobacco,,0,32.95,100
60924992304,zyn menthol,Tobacco,,6.23,10.29,39.5
60924992303,zyn mentol 3,Tobacco,,6.23,6.69,6.9
000000Total,,Undefined,,0,2,100
6971824063721,Foger Switch Pro Kit Blue Razz Ice,Vapes etc,,17.04,24.99,31.8
6971824063714,Foger Switch Pro Kit Cool Mint,Vapes etc,,17.04,24.99,31.8
6971824063684,Foger Switch Pro Kit Gummy Bear,Vapes etc,,17.04,24.99,31.8
6971824063738,Foger Switch Pro Kit Juicy Peach Ice,Vapes etc,,17.04,24.99,31.8
6971824063707,Foger Switch Pro Kit Pineapple-Coconut,Vapes etc,,17.04,24.99,31.8
6971824063752,Foger bb watermelon 30k kit,Vapes etc,,17.04,24.99,31.8
81012543594,GEEK BAR MIAMI MINT,Vapes etc,,0,17.99,100
6970313643390,Geek Vape Aegis Hero Q Cyan,Vapes etc,,19,24.99,24
6970313641020,Geek Vape Aegis Hero Q Rainbow,Vapes etc,,19,24.99,24
6975984050416,Geek Vape Q0.8 cartridges,Vapes etc,,5.75,8.99,36
5056716409182,Lost Mary 35k BRL,Vapes etc,,0,19.99,100
5056716406716,Lost Mary 35k Scary Berry,Vapes etc,,0,19.99,100
5061028591012,Lost Mary Blue Razz Refil,Vapes etc,,7,8.99,22.1
5056716408048,Lost Mary Kit 70K Sour Apple Ice,Vapes etc,,0,29.99,100
5056716409717,Lost Mary Kit Miami+WM,Vapes etc,,0,29.99,100
19720000777,NXXT 60k WG,Vapes etc,,0,24.99,100
6977772762914,NXXT 60k puffs WG,Vapes etc,,0,24.99,100
81855353084,POD JUICE X RAZ NIGHT CR,Vapes etc,,7,8.99,22.1
6943498611966,Vaperesso Dojo iMate,Vapes etc,,18,24.99,28